id,start_date_local,type,icu_ignore_time,icu_pm_cp,icu_pm_w_prime,icu_pm_p_max,icu_pm_ftp,icu_pm_ftp_secs,icu_pm_ftp_watts,icu_ignore_power,icu_rolling_cp,icu_rolling_w_prime,icu_rolling_p_max,icu_rolling_ftp,icu_rolling_ftp_delta,icu_training_load,icu_atl,icu_ctl,ss_p_max,ss_w_prime,ss_cp,paired_event_id,icu_ftp,icu_joules,icu_recording_time,elapsed_time,icu_weighted_avg_watts,carbs_used,name,description,start_date,distance,icu_distance,moving_time,coasting_time,total_elevation_gain,total_elevation_loss,timezone,trainer,sub_type,commute,race,max_speed,average_speed,device_watts,has_heartrate,max_heartrate,average_heartrate,average_cadence,calories,average_temp,min_temp,max_temp,avg_lr_balance,gap,gap_model,use_elevation_correction,gear,perceived_exertion,device_name,power_meter,power_meter_serial,power_meter_battery,crank_length,external_id,file_sport_index,file_type,icu_athlete_id,created,icu_sync_date,analyzed,icu_w_prime,p_max,threshold_pace,icu_hr_zones,pace_zones,lthr,icu_resting_hr,icu_weight,icu_power_zones,icu_sweet_spot_min,icu_sweet_spot_max,icu_power_spike_threshold,trimp,icu_warmup_time,icu_cooldown_time,icu_chat_id,icu_ignore_hr,ignore_velocity,ignore_pace,ignore_parts,icu_training_load_data,interval_summary,skyline_chart_bytes,stream_types,has_weather,has_segments,power_field_names,power_field,icu_zone_times,icu_hr_zone_times,pace_zone_times,gap_zone_times,use_gap_zone_times,custom_zones,tiz_order,polarization_index,icu_achievements,icu_intervals_edited,lock_intervals,icu_lap_count,icu_joules_above_ftp,icu_max_wbal_depletion,icu_hrr,icu_sync_error,icu_color,icu_power_hr_z2,icu_power_hr_z2_mins,icu_cadence_z2,icu_rpe,feel,kg_lifted,decoupling,icu_median_time_delta,p30s_exponent,workout_shift_secs,strava_id,lengths,pool_length,compliance,coach_tick,source,oauth_client_id,oauth_client_name,average_altitude,min_altitude,max_altitude,power_load,hr_load,pace_load,hr_load_type,pace_load_type,tags,attachments,recording_stops,average_weather_temp,min_weather_temp,max_weather_temp,average_feels_like,min_feels_like,max_feels_like,average_wind_speed,average_wind_gust,prevailing_wind_deg,headwind_percent,tailwind_percent,average_clouds,max_rain,max_snow,carbs_ingested,route_id,pace,athlete_max_hr,group,icu_intensity,icu_efficiency_factor,icu_power_hr,session_rpe,average_stride,icu_average_watts,icu_variability_index,strain_score
i110993611,2025-12-09T06:25:57,VirtualRide,False,149.0,11302.0,236,152.0,1980.0,154.0,False,,24301.0,699.65845,283,0,20,61.685085,54.226833,0.0,0.0,29.890312,83149737.0,283,360528,2471,2472,152,111,MyWhoosh - AFLOJE Z1 60% Z2 40% 45 min,,2025-12-09T11:25:57Z,18860.47,18860.47,2472,93,21.2,20.2,,True,,False,False,12.284,7.627,True,True,128.0,118.0,71.32603,359,,,,,,NONE,False,"{'id': 'b11987797', 'name': None, 'distance': None, 'primary': None}",,MYWHOOSH 3570,,,,,MyNewActivity-5.5.0.fit,0,fit,2701597,2025-12-09T12:07:12.121+00:00,2025-12-09T14:00:41.673+00:00,2025-12-09T14:00:41.673+00:00,24301,700.0,,"[120, 147, 167, 186, 186]",,178,61,87.0,"[56, 76, 91, 106, 121, 999]",0,0,,28.858618,300,300,,False,False,False,,100.0,"['1x 31s 57w', '1x 30s 136w', '3x 40s 134w', '1x 40s 109w', '2x 40s 163w', '4x 3m 148w', '6x 2m 160w', '1x 2m 143w', '2x 62s 158w', '1x 83s 153w', '1x 5m 144w']",CAYSHR8eKCgoKCgotAF4tAF4tAF4tAF4P3g8eFN4rAJqGhgUMC0mLzA2PDU4MzI0ODM4Nzg3ODY4MhIiGAEBAQEBAQECAQIBAQECAQIBAgECAQIBASgB,"['time', 'watts', 'cadence', 'heartrate', 'distance', 'altitude', 'latlng', 'velocity_smooth', 'torque', 'NormalisedPower']",False,True,['power'],power,"[{'id': 'Z1', 'secs': 1539}, {'id': 'Z2', 'secs': 933}, {'id': 'Z3', 'secs': 1}, {'id': 'Z4', 'secs': 0}, {'id': 'Z5', 'secs': 0}, {'id': 'Z6', 'secs': 0}]","[1553, 920, 0, 0, 0]",,,,,POWER_HR_PACE,0.0,,False,,23,0,0,,,,1.3180535,11.0,73.0,,,,0.8289789,1,,,16693011882,,,90.90909,,OAUTH_CLIENT,60.0,MyWhoosh,0.9756571,-0.4,5.2,20,13.0,,HRSS,,,,,,,,,,,,,,,,,,,,,7.62964,186,3638d921,53.710247,1.2881356,1.2372881,,3.209056,146,1.0410959,29.890312
i110690025,2025-12-07T06:40:40,Ride,False,260.0,21276.0,544,265.0,780.0,288.0,False,,24301.0,699.65845,283,0,169,78.54215,56.378017,0.8753302,3.1673563,142.9385,,283,1570737,11497,24354,206,395,Peaje Versalles,,2025-12-07T11:40:40Z,60072.29,60072.29,11452,3123,1377.0,1347.0,,,,False,False,18.314,5.257,True,True,181.0,127.0,59.793545,1585,17.388378,12.0,27.0,52.610943,,NONE,False,"{'id': 'b11987797', 'name': None, 'distance': None, 'primary': None}",,WAHOO_FITNESS ELEMNT ACE,FAVERO_ELECTRONICS 12,3055820267,GOOD,,413446962,0,fit,2701597,2025-12-07T18:28:44.889+00:00,2025-12-07T19:48:38.044+00:00,2025-12-07T19:48:38.044+00:00,24301,700.0,,"[120, 147, 167, 186, 186]",,178,61,87.0,"[56, 76, 91, 106, 121, 999]",0,0,,177.75194,300,300,,False,False,False,,100.0,"['1x 3m16s 232w', '2x 2m18s 270w', '1x 12m17s 279w', '1x 84s 310w', '1x 2m40s 263w', '1x 80s 273w', '1x 1m50s 287w']",CAYSHuYKxAGOAYoB6guKAZUP4QXRBFSiAaABElC3FW6JChoRJ1EcWzBjRGIabVlcVGAXZRkiEQEDAQQBBAIEAQUDBAMEAQQBKAE=,"['time', 'watts', 'cadence', 'heartrate', 'distance', 'altitude', 'latlng', 'velocity_smooth', 'temp', 'left_right_balance', 'left_pedal_smoothness', 'right_pedal_smoothness', 'left_torque_effectiveness', 'right_torque_effectiveness', 'torque', 'RearGear', 'NormalisedPower']",False,True,['power'],power,"[{'id': 'Z1', 'secs': 5794}, {'id': 'Z2', 'secs': 2111}, {'id': 'Z3', 'secs': 1721}, {'id': 'Z4', 'secs': 1306}, {'id': 'Z5', 'secs': 382}, {'id': 'Z6', 'secs': 138}]","[4817, 4267, 1986, 388, 0]",,,,,POWER_HR_PACE,1.07,,True,,1,33843,12480,,,,1.4749256,43.0,60.0,,,,18.332016,1,,,16678323631,,,0.0,,WAHOO,,,1958.4241,1595.4,2461.6,169,99.0,,HRSS,,,,,,,,,,,,,,,,,,,,,5.245572,186,d8a3493c,72.79152,1.6220472,1.0787401,,2.631842,137,1.5036496,146.9812
i110474267,2025-12-06T05:58:00,Ride,False,273.0,23815.0,690,279.0,2220.0,283.0,False,,24301.0,699.65845,283,0,161,64.65099,53.664364,2.228341,8.451107,150.12903,,283,1347537,7755,7756,245,377,Cycling,,2025-12-06T10:58:00Z,48930.31,48930.31,7756,1832,1095.0,1069.0,,,,False,False,16.68,6.308,True,True,184.0,142.0,67.6032,1347,12.198607,9.0,19.0,52.420456,,NONE,False,"{'id': 'b11987797', 'name': None, 'distance': None, 'primary': None}",,WAHOO_FITNESS ELEMNT ACE,FAVERO_ELECTRONICS 12,3055820267,,,413128047,0,fit,2701597,2025-12-06T13:07:47.043+00:00,2025-12-06T15:17:23.925+00:00,2025-12-06T15:17:23.925+00:00,24301,700.0,,"[120, 147, 167, 186, 186]",,178,60,86.9,"[56, 76, 91, 106, 121, 999]",0,0,,187.83267,300,300,,False,False,False,,100.0,['1x 36m57s 283w'],CAYSBoMVqRGhFhoDQGQbIgMCBAEoAQ==,"['time', 'watts', 'cadence', 'heartrate', 'distance', 'altitude', 'latlng', 'velocity_smooth', 'temp', 'left_right_balance', 'left_pedal_smoothness', 'right_pedal_smoothness', 'left_torque_effectiveness', 'right_torque_effectiveness', 'torque', 'RearGear', 'NormalisedPower']",False,True,['power'],power,"[{'id': 'Z1', 'secs': 3297}, {'id': 'Z2', 'secs': 651}, {'id': 'Z3', 'secs': 752}, {'id': 'Z4', 'secs': 1644}, {'id': 'Z5', 'secs': 1039}, {'id': 'Z6', 'secs': 373}]","[1775, 2422, 1914, 1646, 0]",,,,,POWER_HR_PACE,1.48,[],True,,3,78733,19643,"{'start_index': 4929, 'end_index': 4989, 'start_time': 4929, 'end_time': 4989, 'start_bpm': 183, 'end_bpm': 153, 'average_watts': None, 'hrr': 30}",,,1.3466791,19.0,70.0,,,,34.56353,1,,,16665659786,,,0.0,,WAHOO,,,2387.4722,2077.2,2901.8,161,105.0,,HRSS,,,,,,,,,,,,,,,,,,,,,6.308704,186,a0b13345,86.57244,1.7253522,1.2253522,,2.799588,174,1.408046,160.80849
i110291500,2025-12-05T06:39:54,VirtualRide,False,192.0,13604.0,342,195.0,720.0,210.0,False,,24301.0,699.65845,283,0,19,49.85516,51.078087,0.0026419521,0.0209198,23.9088,82532336.0,283,276793,1596,1597,185,100,MyWhoosh - Controlled RPM,,2025-12-05T11:39:54Z,13306.66,13306.66,1597,66,13.6,12.4,,True,,False,False,9.873,8.327,True,True,157.0,135.0,73.44566,276,,,,,,NONE,False,"{'id': 'b11987797', 'name': None, 'distance': None, 'primary': None}",,MYWHOOSH 3570,,,,,MyNewActivity-5.5.0.fit,0,fit,2701597,2025-12-05T12:06:33.633+00:00,2025-12-05T12:08:49.624+00:00,2025-12-05T12:08:49.624+00:00,24301,700.0,,"[120, 147, 167, 186, 186]",,178,57,86.8,"[56, 76, 91, 106, 121, 999]",0,0,,32.88699,300,300,,False,False,False,,100.0,"['1x 10m1s 155w', '1x 12m 209w', '1x 3m 142w']",CAYSB9kE0AW0AWEaBDZJMhgiBAECAQEoAQ==,"['time', 'watts', 'cadence', 'heartrate', 'distance', 'altitude', 'latlng', 'velocity_smooth', 'torque', 'NormalisedPower']",False,True,['power'],power,"[{'id': 'Z1', 'secs': 600}, {'id': 'Z2', 'secs': 766}, {'id': 'Z3', 'secs': 225}, {'id': 'Z4', 'secs': 2}, {'id': 'Z5', 'secs': 5}, {'id': 'Z6', 'secs': 0}]","[221, 1011, 366, 0, 0]",,,,,POWER_HR_PACE,0.27,,False,,3,224,224,,,,1.3379334,10.0,75.0,,,,-8.393097,1,,,16656240832,,,52.77778,,OAUTH_CLIENT,60.0,MyWhoosh,0.5585732,-3.0,4.2,19,16.0,,HRSS,,,,,,,,,,,,,,,,,,,,,8.332286,186,9122e511,65.371025,1.3703704,1.2814815,,3.4034488,173,1.0693642,23.932362
i110283632,2025-12-05T06:27:28,VirtualRide,False,145.0,11016.0,220,148.0,210.0,184.0,False,,24301.0,699.65845,283,0,3,49.85516,51.078087,0.0,0.0,3.844522,,283,44717,342,343,166,95,MyWhoosh - Controlled RPM,,2025-12-05T11:27:28Z,2514.04,2514.04,343,92,5.0,6.2,,True,,False,False,10.66,7.307,True,True,134.0,123.0,72.33068,44,,,,,,NONE,False,"{'id': 'b11987797', 'name': None, 'distance': None, 'primary': None}",,MYWHOOSH 3570,,,,,MyNewActivity-5.5.0.fit,0,fit,2701597,2025-12-05T11:33:13.231+00:00,2025-12-05T12:09:05.345+00:00,2025-12-05T12:09:05.345+00:00,24301,700.0,,"[120, 147, 167, 186, 186]",,178,57,86.8,"[56, 76, 91, 106, 121, 999]",0,0,,4.999144,0,0,,False,False,False,,100.0,,CAYSAtgCGgEtIgEBKAE=,"['time', 'watts', 'cadence', 'heartrate', 'distance', 'altitude', 'latlng', 'velocity_smooth', 'torque', 'NormalisedPower']",False,True,['power'],power,"[{'id': 'Z1', 'secs': 189}, {'id': 'Z2', 'secs': 155}, {'id': 'Z3', 'secs': 0}, {'id': 'Z4', 'secs': 0}, {'id': 'Z5', 'secs': 0}, {'id': 'Z6', 'secs': 0}]","[119, 132, 0, 0, 0]",,,,,POWER_HR_PACE,0.0,,False,,1,0,0,,,,1.5208623,1.0,73.0,,,,-14.50449,1,,,16655971545,,,0.0,,OAUTH_CLIENT,60.0,MyWhoosh,1.9819767,-1.2,5.4,3,2.0,,HRSS,,,,,,,,,,,,,,,,,,,,,7.3295627,186,53393d66,58.657246,1.3495935,1.0650407,,3.0400224,131,1.2671756,3.844522
i110283059,2025-12-05T06:18:26,VirtualRide,False,130.0,9880.0,259,132.0,420.0,152.0,False,,24301.0,699.65845,283,0,4,49.85516,51.078087,0.0,0.0,5.335178,,283,64385,658,659,142,138,Morning Ciclismo virtual,,2025-12-05T11:18:26Z,3673.85,3673.85,520,97,3.8,3.8,,True,,False,False,8.844,0.0,True,True,122.0,113.0,70.90497,64,,,,,,NONE,False,"{'id': 'b11987797', 'name': None, 'distance': None, 'primary': None}",,MYWHOOSH 3570,,,,,MyNewActivity-5.5.0.fit,0,fit,2701597,2025-12-05T11:27:07.113+00:00,2025-12-05T11:27:07.343+00:00,2025-12-05T11:27:07.343+00:00,24301,700.0,,"[120, 147, 167, 186, 186]",,178,57,86.8,"[56, 76, 91, 106, 121, 999]",0,0,,5.541276,0,0,,False,False,False,,100.0,,CAYSApQFGgEiIgEBKAE=,"['time', 'watts', 'cadence', 'heartrate', 'distance', 'altitude', 'latlng', 'velocity_smooth', 'torque', 'NormalisedPower']",False,True,['power'],power,"[{'id': 'Z1', 'secs': 468}, {'id': 'Z2', 'secs': 49}, {'id': 'Z3', 'secs': 3}, {'id': 'Z4', 'secs': 0}, {'id': 'Z5', 'secs': 0}, {'id': 'Z6', 'secs': 0}]","[414, 10, 0, 0, 0]",,,,,POWER_HR_PACE,0.0,,,,1,0,0,,,,,,,,,,0.6982511,1,,,16655924855,,,0.0,,OAUTH_CLIENT,60.0,MyWhoosh,1.2006061,-0.2,4.2,4,2.0,,HRSS,,,,,,,,,,,,,,,,,,,,,7.0650964,186,a4d6aba7,50.176678,1.2566372,0.86725664,,2.989253,98,1.4489796,5.335178
i109917766,2025-12-03T06:12:43,VirtualRide,False,195.0,13969.0,280,198.0,420.0,226.0,False,,24301.0,699.65845,283,0,35,61.737045,52.927647,0.0,0.0,44.839108,82381734.0,283,522813,3008,3009,182,137,MyWhoosh - Cadence Drills,,2025-12-03T11:12:43Z,25214.85,25214.85,3009,0,0.0,,,True,,False,False,9.874,8.377,True,True,164.0,141.0,81.06747,522,,,,,,NONE,False,"{'id': 'b11987797', 'name': None, 'distance': None, 'primary': None}",,MYWHOOSH 3570,,,,,MyNewActivity-5.5.0.fit,0,fit,2701597,2025-12-03T12:02:56.431+00:00,2025-12-03T13:53:57.707+00:00,2025-12-03T13:53:57.707+00:00,24301,700.0,,"[120, 147, 167, 186, 186]",,178,58,87.3,"[56, 76, 91, 106, 121, 999]",0,0,,72.27959,300,300,,False,False,False,,100.0,"['2x 10m1s 150w', '2x 12m 201w', '2x 3m 144w']",CAYSDdkE0AW0AdAFtAHYBAkaBzVDMkoyNCAiBwECAQIBAQEoAQ==,"['time', 'watts', 'cadence', 'heartrate', 'distance', 'latlng', 'velocity_smooth', 'torque', 'NormalisedPower']",False,True,['power'],power,"[{'id': 'Z1', 'secs': 1330}, {'id': 'Z2', 'secs': 1351}, {'id': 'Z3', 'secs': 307}, {'id': 'Z4', 'secs': 22}, {'id': 'Z5', 'secs': 0}, {'id': 'Z6', 'secs': 0}]","[219, 1881, 910, 0, 0]",,,,,POWER_HR_PACE,0.0,,False,,6,0,0,,,,1.1996634,28.0,81.0,,,,2.6649246,1,,,16637674903,,,120.68965,,OAUTH_CLIENT,60.0,MyWhoosh,,,,35,35.0,,HRSS,,,,,,,,,,,,,,,,,,,,,8.37981,186,362f5481,64.31095,1.2907802,1.2340425,,3.1010506,174,1.045977,44.839108
i109911744,2025-12-03T06:09:07,VirtualRide,False,85.0,6452.0,205,86.0,180.0,114.0,False,,24301.0,699.65845,283,0,1,61.737045,52.927647,0.0,0.0,1.6803691,,283,20797,268,269,125,155,Morning Ciclismo virtual,,2025-12-03T11:09:07Z,1074.15,1074.15,169,7,0.0,0.0,,True,,False,False,7.593,0.0,True,True,118.0,98.0,61.120483,20,,,,,,NONE,False,"{'id': 'b11987797', 'name': None, 'distance': None, 'primary': None}",,MYWHOOSH 3570,,,,,MyNewActivity-5.5.0.fit,0,fit,2701597,2025-12-03T11:11:57.887+00:00,2025-12-03T11:11:58.276+00:00,2025-12-03T11:11:58.276+00:00,24301,700.0,,"[120, 147, 167, 186, 186]",,178,58,87.3,"[56, 76, 91, 106, 121, 999]",0,0,,1.0264603,0,0,,False,False,False,,100.0,,CAYSAo4CGgEbIgEBKAE=,"['time', 'watts', 'cadence', 'heartrate', 'distance', 'altitude', 'latlng', 'velocity_smooth', 'torque', 'NormalisedPower']",False,True,['power'],power,"[{'id': 'Z1', 'secs': 163}, {'id': 'Z2', 'secs': 6}, {'id': 'Z3', 'secs': 0}, {'id': 'Z4', 'secs': 0}, {'id': 'Z5', 'secs': 0}, {'id': 'Z6', 'secs': 0}]","[169, 0, 0, 0, 0]",,,,,POWER_HR_PACE,0.0,,,,1,0,0,,,,,,,,,,3.1475449,1,,,16637222916,,,0.0,,OAUTH_CLIENT,60.0,MyWhoosh,0.17851852,0.0,0.8,1,1.0,,HRSS,,,,,,,,,,,,,,,,,,,,,6.3559175,186,73ac343e,44.169613,1.2755102,0.79591835,,3.119699,78,1.6025641,1.6803691
i109722225,2025-12-02T06:25:47,VirtualRide,False,146.0,11086.0,251,149.0,1440.0,153.0,False,,24301.0,699.65845,283,0,20,65.689354,53.33552,0.0,0.0,31.438028,81728417.0,283,383944,2749,2750,143,111,MyWhoosh - Rodaje de Café (Recuperación),,2025-12-02T11:25:47Z,15279.89,15279.89,2750,50,192.0,90.2,,True,,False,False,18.619,5.554,True,True,133.0,121.0,72.24283,383,,,,,,NONE,False,"{'id': 'b11987797', 'name': None, 'distance': None, 'primary': None}",,MYWHOOSH 3570,,,,,MyNewActivity-5.5.0.fit,0,fit,2701597,2025-12-02T12:11:39.705+00:00,2025-12-02T12:15:55.907+00:00,2025-12-02T12:15:55.907+00:00,24301,700.0,,"[120, 147, 167, 186, 186]",,178,52,87.8,"[56, 76, 91, 106, 121, 999]",0,0,,40.595123,300,300,,False,False,False,,100.0,"['2x 10m1s 129w', '5x 5m 152w']",CAYSB9kE3AvYBDIaBC01LAEiBAEBAQEoAQ==,"['time', 'watts', 'cadence', 'heartrate', 'distance', 'altitude', 'latlng', 'velocity_smooth', 'torque', 'NormalisedPower']",False,True,['power'],power,"[{'id': 'Z1', 'secs': 2334}, {'id': 'Z2', 'secs': 417}, {'id': 'Z3', 'secs': 0}, {'id': 'Z4', 'secs': 0}, {'id': 'Z5', 'secs': 0}, {'id': 'Z6', 'secs': 0}]","[897, 1854, 0, 0, 0]",,,,,POWER_HR_PACE,0.0,,False,,7,0,0,,,,1.1940138,29.0,73.0,,,,3.16153,1,,,16627692746,,,105.26316,,OAUTH_CLIENT,60.0,MyWhoosh,37.17586,-0.6,138.4,20,18.0,,HRSS,,,,,,,,,,,,,,,,,,,,,5.5563235,186,86ac9564,50.530037,1.1818181,1.1570247,,2.3073533,140,1.0214286,31.438028
i109442602,2025-11-30T05:41:44,Ride,False,277.0,24301.0,495,283.0,1500.0,293.0,False,,24093.0,699.65845,283,2,311,83.87068,55.443233,2.8334029,13.880806,287.13113,81578351.0,281,2655378,17645,19965,224,656,Clásico el Colombiano 2025,,2025-11-30T10:41:44Z,118156.42,118156.42,17595,4111,1929.0,1934.0,,False,RACE,False,True,19.907,6.721,True,True,186.0,143.0,67.977234,2647,13.411005,8.0,30.0,53.81039,,NONE,False,"{'id': 'b11987797', 'name': None, 'distance': None, 'primary': None}",,WAHOO_FITNESS ELEMNT ACE,FAVERO_ELECTRONICS 12,3055820267,GOOD,,411934301,0,fit,2701597,2025-11-30T16:15:04.263+00:00,2025-12-02T10:29:05.933+00:00,2025-12-02T10:29:05.933+00:00,17940,700.0,,"[116, 142, 161, 180, 186]",,172,57,87.0,"[56, 76, 91, 106, 121, 999]",0,0,,450.01157,300,300,,False,False,False,,100.0,"['1x 5m42s 342w', '5x 40s 344w', '2x 23m21s 287w', '1x 53s 321w', '1x 60s 319w', '4x 32s 338w', '1x 2m4s 262w', '1x 28s 407w']",CAYSM7AM1gKDASnhAyjQBsELqho10QI8zgUf0gJ8pQQmyQcoeSfuAhwLIKIBIcMEsArkCyHsDRokGHlJa1d/FmgmciZxI24rXSiGASN0Kn00kAFieFR3LWMwgQEgIiEBBgIFAwYBBAEFAQUBBQEEAQYBBQEGAQYEBQMFAQQBBgEoAQ==,"['time', 'watts', 'cadence', 'heartrate', 'distance', 'altitude', 'latlng', 'velocity_smooth', 'temp', 'left_right_balance', 'left_pedal_smoothness', 'right_pedal_smoothness', 'left_torque_effectiveness', 'right_torque_effectiveness', 'torque', 'RearGear', 'NormalisedPower']",False,True,['power'],power,"[{'id': 'Z1', 'secs': 9007}, {'id': 'Z2', 'secs': 2134}, {'id': 'Z3', 'secs': 1449}, {'id': 'Z4', 'secs': 3118}, {'id': 'Z5', 'secs': 1259}, {'id': 'Z6', 'secs': 628}]","[2223, 7134, 3795, 3838, 605]",,,,,POWER_HR_PACE,1.42,"[{'id': 'ftp_up', 'type': 'FTP_UP', 'message': None, 'watts': 293, 'secs': 1500, 'value': None, 'distance': None, 'pace': None, 'point': {'start_index': 3455, 'end_index': 4955, 'secs': 1500, 'value': 293}}, {'id': 'ps0_300', 'type': 'BEST_POWER', 'message': None, 'watts': 347, 'secs': 300, 'value': None, 'distance': None, 'pace': None, 'point': {'start_index': 1625, 'end_index': 1925, 'secs': 300, 'value': 347}}, {'id': 'lthr', 'type': 'LTHR_UP', 'message': '98% de 20 min a 179 bpm', 'watts': None, 'secs': None, 'value': 175, 'distance': None, 'pace': None, 'point': {'start_index': 3784, 'end_index': 4984, 'secs': 1200, 'value': 179}}]",True,,1,114768,21242,"{'start_index': 4961, 'end_index': 5021, 'start_time': 6325, 'end_time': 6385, 'start_bpm': 186, 'end_bpm': 155, 'average_watts': None, 'hrr': 31}",,,0.7823779,30.0,53.0,,2.0,,1.0488188,1,,,16611925456,,,100.0,,WAHOO,,,2270.6204,2094.2,2611.8,311,255.0,,HRSS,,,,,,,,,,,,,,,,,,,150.0,,6.7153406,186,aef753f5,79.7153,1.5664335,1.048951,,2.9636426,150,1.4933333,303.84534
i109249209,2025-11-29T06:08:06,VirtualRide,False,174.0,14391.0,396,177.0,180.0,237.0,False,,24093.0,699.65845,281,0,27,48.991566,49.285534,0.10765422,1.1768013,33.813313,81576925.0,281,382894,2400,2401,178,130,MyWhoosh - Afloje Pre-carrera,,2025-11-29T11:08:06Z,18615.54,18615.54,2401,12,80.4,83.4,,True,,False,False,13.273,7.75,True,True,162.0,132.0,75.20899,382,,,,,,NONE,False,"{'id': 'b11987797', 'name': None, 'distance': None, 'primary': None}",,MYWHOOSH 3570,,,,,MyNewActivity-5.4.0.fit,0,fit,2701597,2025-11-29T11:48:09.698+00:00,2025-11-30T22:40:15.318+00:00,2025-11-30T22:40:15.318+00:00,17940,,,"[116, 142, 161, 180, 186]",,172,52,87.75,"[56, 76, 91, 106, 121, 999]",0,0,,48.10877,300,300,,False,False,False,,100.0,"['1x 4m1s 125w', '15x 15s 316w', '15x 20s 169w', '4x 5m 149w', '1x 6m8s 121w']",CAYSJ/EBDxQPFA8UDxQPFNgEDxQPFA8UDxQPFNgEDxQPFA8UDxQPFPACRBojLG89bztuOHE9cDo1djxtPXBEbT5vOjV0Om9Abzd1Om01Kx4iIwEFAgUCBQIFAgUCAQUCBQIFAgUCBQIBBQIFAgUBBQIFAQEBKAE=,"['time', 'watts', 'cadence', 'heartrate', 'distance', 'altitude', 'latlng', 'velocity_smooth', 'torque', 'NormalisedPower']",False,True,['power'],power,"[{'id': 'Z1', 'secs': 1625}, {'id': 'Z2', 'secs': 520}, {'id': 'Z3', 'secs': 33}, {'id': 'Z4', 'secs': 33}, {'id': 'Z5', 'secs': 161}, {'id': 'Z6', 'secs': 30}]","[246, 1730, 425, 1, 0]",,,,,POWER_HR_PACE,2.41,,True,,36,11899,3083,,,,1.1564549,23.0,76.0,,,,12.323422,1,,,16599306820,,,108.0,,OAUTH_CLIENT,60.0,MyWhoosh,1.8541216,-3.8,11.4,27,25.0,,HRSS,,,,,,,,,,,,,,,,,,,,,7.753244,186,295b7c58,63.345196,1.3484849,1.2121212,,3.0926797,160,1.1125,35.097767
i109038885,2025-11-27T17:15:11,VirtualRide,False,,,192,,,,False,,24093.0,699.65845,281,0,1,60.4107,51.022995,0.0,0.0,1.3329092,,281,15582,128,129,118,5,Indoor Cycling,,2025-11-27T22:15:11Z,1077.62,1077.62,129,0,0.0,0.0,,True,,False,False,9.611,8.27,True,True,118.0,109.0,62.66142,20,,,,50.736435,,NONE,False,"{'id': 'b11987797', 'name': None, 'distance': None, 'primary': None}",,WAHOO_FITNESS WAHOO APP,,,,,411364328,0,fit,2701597,2025-11-27T22:17:28.525+00:00,2025-11-27T22:17:29.195+00:00,2025-11-27T22:17:29.195+00:00,17940,,,"[116, 142, 161, 180, 186]",,172,54,87.0,"[56, 76, 91, 106, 121, 999]",0,0,,1.2759768,0,0,,False,False,False,,100.0,,CAYSAoIBGgEqIgEBKAE=,"['time', 'watts', 'cadence', 'heartrate', 'distance', 'altitude', 'velocity_smooth', 'left_right_balance', 'torque', 'NormalisedPower']",False,True,['power'],power,"[{'id': 'Z1', 'secs': 120}, {'id': 'Z2', 'secs': 9}, {'id': 'Z3', 'secs': 0}, {'id': 'Z4', 'secs': 0}, {'id': 'Z5', 'secs': 0}, {'id': 'Z6', 'secs': 0}]","[111, 19, 0, 0, 0]",,,,,POWER_HR_PACE,0.0,,,,1,0,0,,,,,,,,,,-6.6343303,1,,,16586713905,,,0.0,,WAHOO,,,300.0,300.0,300.0,1,1.0,,HRSS,,,,,,,,,,,,,,,,,,,,,8.353643,186,8e79f55f,41.99288,1.0825688,1.119266,,3.9994197,122,0.9672131,1.3329092
i108946794,2025-11-27T06:15:48,VirtualRide,False,213.0,18115.0,316,217.0,1860.0,223.0,False,,24093.0,699.65845,281,0,46,60.4107,51.022995,0.0038517031,0.1608332,52.859467,78685423.0,281,569455,2712,2713,220,122,MyWhoosh - 02. Get In the Zone,,2025-11-27T11:15:48Z,24731.16,24731.16,2713,17,8.8,7.6,,True,,False,False,10.848,9.112,True,True,171.0,147.0,74.75932,568,,,,,,NONE,False,"{'id': 'b11987797', 'name': None, 'distance': None, 'primary': None}",,MYWHOOSH 3570,,,,,MyNewActivity-5.4.0.fit,0,fit,2701597,2025-11-27T12:01:12.531+00:00,2025-11-27T12:06:33.252+00:00,2025-11-27T12:06:33.252+00:00,17940,,,"[116, 142, 161, 180, 186]",,172,54,87.0,"[56, 76, 91, 106, 121, 999]",0,0,,78.86231,300,300,,False,False,False,,100.0,"['7x 2m 167w', '1x 60s 211w', '1x 60s 237w', '4x 60s 266w', '4x 3m 212w', '3x 2m 238w', '4x 30s 292w', '1x 3m 247w', '2x 60s 155w']",CAYSIXl4PDw8eLQBeDweeLQBeDweeLQBeDweeLQBtAEeeDw8DRocNkFLVF43TVVeaDxKVF5oPEpUXmg7SldmPDc2CiIcAQICAwQBAwMEBAICAwQEAgIDBAQCAgMEAgEBASgB,"['time', 'watts', 'cadence', 'heartrate', 'distance', 'altitude', 'latlng', 'velocity_smooth', 'torque', 'NormalisedPower']",False,True,['power'],power,"[{'id': 'Z1', 'secs': 335}, {'id': 'Z2', 'secs': 1258}, {'id': 'Z3', 'secs': 707}, {'id': 'Z4', 'secs': 399}, {'id': 'Z5', 'secs': 15}, {'id': 'Z6', 'secs': 0}]","[57, 718, 1670, 269, 0]",,,,,POWER_HR_PACE,-0.1,,True,,28,1637,503,,,,1.2797706,6.0,76.0,,,,4.875992,1,,,16580920683,,,100.0,,OAUTH_CLIENT,60.0,MyWhoosh,0.8322771,0.0,4.6,46,41.0,,HRSS,,,,,,,,,,,,,,,,,,,,,9.115798,186,b64752b5,78.29182,1.4965986,1.4285715,,3.658058,210,1.0476191,53.02415
i108781877,2025-11-26T06:08:13,VirtualRide,False,229.0,19677.0,478,234.0,1980.0,238.0,False,,24093.0,699.65845,281,0,62,62.470116,51.11993,0.6255332,3.06268,65.707886,81439998.0,281,672869,3038,3039,241,159,MyWhoosh - 12. Power Bookends,,2025-11-26T11:08:13Z,27582.58,27582.58,3039,35,64.200005,66.6,,True,,False,False,14.824,9.073,True,True,173.0,148.0,77.35031,671,,,,,,NONE,False,"{'id': 'b11987797', 'name': None, 'distance': None, 'primary': None}",,MYWHOOSH 3570,,,,,MyNewActivity-5.4.0.fit,0,fit,2701597,2025-11-26T11:58:55.816+00:00,2025-11-26T15:18:55.601+00:00,2025-11-26T15:18:55.601+00:00,17940,,,"[116, 142, 161, 180, 186]",,172,58,87.0,"[56, 76, 91, 106, 121, 999]",0,0,,87.92037,300,300,,False,False,False,,100.0,"['2x 61s 132w', '7x 60s 213w', '4x 30s 261w', '3x 30s 144w', '2x 30s 311w', '11x 15s 158w', '1x 30s 220w', '6x 2m 255w', '6x 15s 271w', '6x 90s 224w', '2x 2m30s 249w', '2x 15s 225w', '2x 2m38s 174w']",CAYSOz08PDw8Hh4eHh4ePDwPHg8eDzwPeA9aeA9algEPWg94D5YBD3gPWg+WAQ9aD3gPWngPPA8eDx4PpQEnGjcsQEc9WV8zbjJuM1EwMk40WTJOMl9jS1pjUlVaUEFXUEEyVVBTQVtZUUFgZEtaZFMxYDxaODosIjcBAgICAwQBBQEFAQMBAQMBAwEDAQQEAgMEAwMDAwIDAwIBAwMDAgQDAwIEBAIDBAMBBAIDAgIBKAE=,"['time', 'watts', 'cadence', 'heartrate', 'distance', 'altitude', 'latlng', 'velocity_smooth', 'torque', 'NormalisedPower']",False,True,['power'],power,"[{'id': 'Z1', 'secs': 749}, {'id': 'Z2', 'secs': 713}, {'id': 'Z3', 'secs': 612}, {'id': 'Z4', 'secs': 612}, {'id': 'Z5', 'secs': 183}, {'id': 'Z6', 'secs': 171}]","[63, 820, 1835, 322, 0]",,,,,POWER_HR_PACE,1.14,,False,,54,30034,5653,,,,1.3469385,8.0,84.0,6.0,2.0,,2.9758947,1,,,16571222696,,,101.63934,,OAUTH_CLIENT,60.0,MyWhoosh,-0.8653947,-3.0,13.4,62,47.0,,HRSS,,,,,,,,,,,,,,,,,,,,,9.076202,186,f401eabf,85.76512,1.6283784,1.4932432,303.0,3.5201678,221,1.0904977,69.3961
i108613832,2025-11-25T06:12:40,VirtualRide,False,164.0,15059.0,325,168.0,180.0,221.0,False,,24093.0,699.65845,281,0,25,62.54231,50.857773,0.00073695363,0.01728812,37.074593,81276607.0,281,422964,2884,2885,156,127,MyWhoosh - AFLOJE Z1 60% Z2 40% 45 min,,2025-11-25T11:12:40Z,22789.38,22789.38,2885,32,0.0,0.0,,True,,False,False,10.195,7.897,True,True,147.0,126.0,77.985664,422,,,,,,NONE,False,"{'id': 'b11987797', 'name': None, 'distance': None, 'primary': None}",,MYWHOOSH 3570,,,,,MyNewActivity-5.4.0.fit,0,fit,2701597,2025-11-25T12:00:48.584+00:00,2025-11-25T20:22:37.582+00:00,2025-11-25T20:22:37.582+00:00,17940,,,"[116, 142, 161, 180, 186]",,172,49,87.0,"[56, 76, 91, 106, 121, 999]",0,0,,50.88647,300,300,,False,False,False,,100.0,"['1x 31s 53w', '1x 30s 116w', '3x 40s 121w', '1x 40s 52w', '2x 40s 154w', '1x 13m 146w', '5x 2m 148w', '4x 2m59s 143w', '1x 5m 139w']",CAYSHB8eKCgoKCgojAZ4tAF4tAF4tAF4Ba8BeKwCuQEaFRIpKCkuEjU3MzQzNDI0MjU8MjUxTCIVAQEBAQEBAQEBAQEBAQEBAQIBAQEDKAE=,"['time', 'watts', 'cadence', 'heartrate', 'distance', 'altitude', 'latlng', 'velocity_smooth', 'torque', 'NormalisedPower']",False,True,['power'],power,"[{'id': 'Z1', 'secs': 2050}, {'id': 'Z2', 'secs': 701}, {'id': 'Z3', 'secs': 70}, {'id': 'Z4', 'secs': 61}, {'id': 'Z5', 'secs': 4}, {'id': 'Z6', 'secs': 0}]","[198, 2601, 87, 0, 0]",,,,,POWER_HR_PACE,0.46,,True,,23,177,167,,,,1.1496125,39.0,79.0,3.0,2.0,,1.0053525,1,,,16561108891,,,108.695656,,OAUTH_CLIENT,60.0,MyWhoosh,0.07830908,0.0,0.4,25,23.0,,HRSS,,,,,,,,,,,,,,,,,,,,,7.8992653,186,a555f19d,55.516014,1.2380953,1.1666666,144.0,3.0387375,147,1.0612245,37.092617
i108345731,2025-11-23T06:19:14,Ride,False,275.0,24093.0,649,281.0,1320.0,293.0,False,,23676.0,699.65845,281,4,275,78.797134,52.721268,3.4123971,30.267996,404.83105,,263,2293939,15002,18991,214,572,Vuelta Oriente,,2025-11-23T11:19:14Z,105542.36,105542.36,14937,2565,1626.0,1595.0,,,,False,False,19.935,7.068,True,True,184.0,135.0,70.669815,2302,18.137594,15.0,24.0,52.017426,,NONE,False,"{'id': 'b11987797', 'name': None, 'distance': None, 'primary': None}",,WAHOO_FITNESS ELEMNT ACE,FAVERO_ELECTRONICS 12,3055820267,GOOD,,410477959,0,fit,2701597,2025-11-23T16:36:27.177+00:00,2025-11-23T16:36:27.756+00:00,2025-11-23T16:36:27.756+00:00,17940,,,"[116, 142, 161, 180, 186]",,172,57,87.0,"[56, 76, 91, 106, 121, 999]",0,0,,307.59735,300,300,,False,False,False,,100.0,"['5x 82s 276w', '3x 5m40s 247w', '1x 3m22s 257w', '2x 2m26s 251w', '1x 6m41s 223w', '1x 1m48s 251w', '1x 3m45s 253w', '4x 55s 295w', '1x 3m 238w', '1x 2m4s 326w', '1x 2m55s 279w', '1x 6m48s 293w']",CAYSP4gVVwTTAgLKAd4DjAHUA5ED2gJcO2zFAZcBKOEBNCPtAvoHtAHGCHyPATkCrwETTRc3CUwDUAmYA+sEvQL1HhoqHmhdWV1hTV1LVFBfR19RYVBgakZgHFoye296b2pgbWNsYm1la2VvKl8pIioBBAQDBAQDBAIDAwQCBAMEAwQFAgQBAwEGBQYFBQQFBAUEBQQFBAUBBAEoAQ==,"['time', 'watts', 'cadence', 'heartrate', 'distance', 'altitude', 'latlng', 'velocity_smooth', 'temp', 'left_right_balance', 'left_pedal_smoothness', 'right_pedal_smoothness', 'left_torque_effectiveness', 'right_torque_effectiveness', 'torque', 'RearGear', 'NormalisedPower']",False,True,['power'],power,"[{'id': 'Z1', 'secs': 6780}, {'id': 'Z2', 'secs': 1816}, {'id': 'Z3', 'secs': 2220}, {'id': 'Z4', 'secs': 2421}, {'id': 'Z5', 'secs': 1199}, {'id': 'Z6', 'secs': 501}]","[4515, 3619, 4716, 1747, 341]",,,,,POWER_HR_PACE,1.32,"[{'id': 'ftp_up', 'type': 'FTP_UP', 'message': None, 'watts': 293, 'secs': 1320, 'value': None, 'distance': None, 'pace': None, 'point': {'start_index': 8761, 'end_index': 10081, 'secs': 1320, 'value': 293}}, {'id': 'ps0_1200', 'type': 'BEST_POWER', 'message': None, 'watts': 293, 'secs': 1200, 'value': None, 'distance': None, 'pace': None, 'point': {'start_index': 8781, 'end_index': 9981, 'secs': 1200, 'value': 293}}]",,,1,101903,41413,"{'start_index': 6535, 'end_index': 6595, 'start_time': 7694, 'end_time': 7754, 'start_bpm': 172, 'end_bpm': 137, 'average_watts': None, 'hrr': 35}",,,1.1210006,31.0,75.0,7.0,2.0,,13.037356,1,,,16545528514,,,0.0,,WAHOO,,,1875.0807,1410.4,2567.4,275,192.0,,HRSS,,,,,,,,,,,,,,,,,,,,,7.0658336,186,d6919772,81.36882,1.5851852,1.1333333,1742.0,2.999513,153,1.3986928,438.51144
i108156645,2025-11-22T05:28:33,VirtualRide,False,90.0,6885.0,136,91.0,210.0,115.0,False,,23676.0,699.65845,277,0,2,48.667244,47.36541,0.0,0.0,3.726013,,263,41124,392,393,107,23,MyWhoosh - 12min Over-Under's,,2025-11-22T10:28:33Z,2031.17,2031.17,393,15,16.0,11.200001,,True,,False,False,12.998,5.155,True,,0.0,0.0,65.96649,41,,,,,,NONE,False,"{'id': 'b11987797', 'name': None, 'distance': None, 'primary': None}",,MYWHOOSH 3570,,,,,MyNewActivity-5.4.0.fit,0,fit,2701597,2025-11-22T10:35:08.035+00:00,2025-11-29T13:24:24.693+00:00,2025-11-29T13:24:24.693+00:00,17940,,,"[116, 142, 161, 180, 186]",,172,46,86.95,"[56, 76, 91, 106, 121, 999]",0,0,,-0.73294824,0,0,,False,False,False,,,,CAYSAooDGgEnIgEBKAE=,"['time', 'watts', 'cadence', 'distance', 'altitude', 'latlng', 'velocity_smooth', 'torque', 'NormalisedPower']",False,True,['power'],power,"[{'id': 'Z1', 'secs': 394}, {'id': 'Z2', 'secs': 0}, {'id': 'Z3', 'secs': 0}, {'id': 'Z4', 'secs': 0}, {'id': 'Z5', 'secs': 0}, {'id': 'Z6', 'secs': 0}]",,,,,,POWER_HR_PACE,0.0,,False,,1,0,0,,,,,,,,,,,1,,,16531628851,,,0.0,,OAUTH_CLIENT,60.0,MyWhoosh,3.7553298,0.0,10.4,2,,,,,,,,,,,,,,,,,,,,,,,,5.1683717,186,e1a43d2a,40.68441,,,,2.3504531,105,1.0190476,3.726013
i108119964,2025-11-21T20:13:54,VirtualRide,False,,,222,,,,False,,23676.0,699.65845,277,0,1,55.8337,48.4585,0.0,0.0,1.3833196,,263,14713,100,101,135,22,02. Get In the Zone,,2025-11-22T01:13:54Z,785.77,785.77,101,0,0.0,0.0,,True,,False,False,8.98,7.693,True,,,,70.15842,15,,,,49.227722,,NONE,False,"{'id': 'b11987797', 'name': None, 'distance': None, 'primary': None}",,WAHOO_FITNESS WAHOO APP,,,,,410099441,0,fit,2701597,2025-11-22T01:15:53.808+00:00,2025-11-22T01:15:54.010+00:00,2025-11-22T01:15:54.010+00:00,17940,,,"[116, 142, 161, 180, 186]",,172,57,86.95,"[56, 76, 91, 106, 121, 999]",0,0,,,0,0,,False,False,False,,,,CAYSAWYaATYiAQEoAQ==,"['time', 'watts', 'cadence', 'distance', 'altitude', 'velocity_smooth', 'left_right_balance', 'torque', 'NormalisedPower']",False,True,['power'],power,"[{'id': 'Z1', 'secs': 72}, {'id': 'Z2', 'secs': 25}, {'id': 'Z3', 'secs': 4}, {'id': 'Z4', 'secs': 0}, {'id': 'Z5', 'secs': 0}, {'id': 'Z6', 'secs': 0}]",,,,,,POWER_HR_PACE,0.0,,,,1,0,0,,,,,,,,,,,1,,,16528982439,,,0.0,,WAHOO,,,300.0,300.0,300.0,1,,,,,,,,,,,,,,,,,,,,,,,,7.779901,186,73f34d1c,51.3308,,,,3.3267145,147,0.9183673,1.3833196
i108023635,2025-11-21T06:19:21,VirtualRide,False,214.0,18213.0,343,219.0,1800.0,224.0,False,,23676.0,699.65845,277,0,53,55.8337,48.4585,0.3119944,2.4497356,57.16209,78685433.0,263,559545,2700,2701,221,123,08. Build and Release,,2025-11-21T11:19:21Z,23965.92,23965.92,2701,0,0.0,0.0,,True,,False,False,10.207,8.871,True,True,167.0,144.0,79.24028,560,,,,,,NONE,False,"{'id': 'b11987797', 'name': None, 'distance': None, 'primary': None}",,WAHOO_FITNESS WAHOO APP,,,,,409971075,0,fit,2701597,2025-11-21T12:04:32.150+00:00,2025-11-21T12:04:32.366+00:00,2025-11-21T12:04:32.366+00:00,17940,,,"[116, 142, 161, 180, 186]",,172,57,86.95,"[56, 76, 91, 106, 121, 999]",0,0,,70.93224,300,300,,False,False,False,,100.0,['3x 97s 262w'],CAYSC+gFYcYEYscEYfUDGgdGY1BjUGNJIgcCBAMEAwQCKAE=,"['time', 'watts', 'cadence', 'heartrate', 'distance', 'altitude', 'velocity_smooth', 'torque', 'NormalisedPower']",False,True,['power'],power,"[{'id': 'Z1', 'secs': 374}, {'id': 'Z2', 'secs': 1117}, {'id': 'Z3', 'secs': 520}, {'id': 'Z4', 'secs': 393}, {'id': 'Z5', 'secs': 60}, {'id': 'Z6', 'secs': 237}]","[29, 1108, 1508, 57, 0]",,,,,POWER_HR_PACE,1.25,,,,1,21950,5425,,,,1.3275948,8.0,78.0,,,,0.13668737,1,,,16523261088,,,100.0,,WAHOO,,,300.0,300.0,300.0,53,39.0,,HRSS,,,,,,,,,,,,,,,,,,,,,8.87298,186,d56948f5,84.03042,1.5347222,1.4375,,3.359269,207,1.0676328,59.92382
i108019029,2025-11-21T06:10:47,VirtualRide,False,59.0,4527.0,158,60.0,180.0,80.0,False,,23676.0,699.65845,277,0,1,55.8337,48.4585,0.0,0.0,1.6800408,,263,18535,485,486,77,215,Indoor Cycling,,2025-11-21T11:10:47Z,1248.21,1248.21,400,203,0.0,0.0,,True,,False,False,6.958,2.561,True,True,141.0,106.0,50.726116,50,,,,,,NONE,False,"{'id': 'b11987797', 'name': None, 'distance': None, 'primary': None}",,WAHOO_FITNESS WAHOO APP,,,,,409964997,0,fit,2701597,2025-11-21T11:19:00.110+00:00,2025-11-21T11:19:00.370+00:00,2025-11-21T11:19:00.370+00:00,17940,,,"[116, 142, 161, 180, 186]",,172,57,86.95,"[56, 76, 91, 106, 121, 999]",0,0,,3.3606791,0,0,,False,False,False,,100.0,,CAYSAucDGgEOIgEBKAE=,"['time', 'watts', 'cadence', 'heartrate', 'distance', 'altitude', 'velocity_smooth', 'torque', 'NormalisedPower']",False,True,['power'],power,"[{'id': 'Z1', 'secs': 376}, {'id': 'Z2', 'secs': 24}, {'id': 'Z3', 'secs': 0}, {'id': 'Z4', 'secs': 0}, {'id': 'Z5', 'secs': 0}, {'id': 'Z6', 'secs': 0}]","[282, 119, 0, 0, 0]",,,,,POWER_HR_PACE,0.0,,,,1,0,0,,,,0.7433189,1.0,45.0,,,,11.409765,1,,,16522887620,,,0.0,,WAHOO,,,300.0,300.0,300.0,1,2.0,,HRSS,,,,,,,,,,,,,,,,,,,,,3.120525,186,3e97047f,29.277567,0.7264151,0.35849056,,1.8455138,38,2.0263157,1.6800408
i107868563,2025-11-20T06:22:17,VirtualRide,False,215.0,18310.0,248,220.0,1980.0,224.0,False,,23676.0,699.65845,277,0,51,55.961723,48.30088,0.0,0.0,56.08832,78685404.0,263,558388,2699,2700,216,128,05. Endurance Ascent,,2025-11-20T11:22:17Z,25458.31,25458.31,2700,0,0.0,0.0,,True,,False,False,10.35,9.423,True,True,164.0,145.0,79.244446,559,,,,,,NONE,False,"{'id': 'b11987797', 'name': None, 'distance': None, 'primary': None}",,WAHOO_FITNESS WAHOO APP,,,,,409785052,0,fit,2701597,2025-11-20T12:07:30.189+00:00,2025-11-20T12:07:30.493+00:00,2025-11-20T12:07:30.493+00:00,17940,,,"[116, 142, 161, 180, 186]",,172,54,86.95,"[56, 76, 91, 106, 121, 999]",0,0,,74.59469,300,300,,False,False,False,,100.0,['2x 14m57s 234w'],CAYSCqcDgge6Af8GqwIaBTtYMlg8IgUCAwEDAigB,"['time', 'watts', 'cadence', 'heartrate', 'distance', 'altitude', 'velocity_smooth', 'torque', 'NormalisedPower']",False,True,['power'],power,"[{'id': 'Z1', 'secs': 183}, {'id': 'Z2', 'secs': 719}, {'id': 'Z3', 'secs': 1204}, {'id': 'Z4', 'secs': 594}, {'id': 'Z5', 'secs': 0}, {'id': 'Z6', 'secs': 0}]","[0, 927, 1725, 49, 0]",,,,,POWER_HR_PACE,0.0,,,,1,0,0,,,,1.213746,6.0,80.0,,,,7.541448,1,,,16513910098,,,100.0,,WAHOO,,,300.0,300.0,300.0,51,40.0,,HRSS,,,,,,,,,,,,,,,,,,,,,9.429004,186,499b4466,82.12928,1.4896551,1.4275862,,3.569589,207,1.0434783,56.08832
i107699245,2025-11-19T06:19:54,VirtualRide,False,137.0,10421.0,173,139.0,2220.0,142.0,False,,23676.0,699.65845,277,0,21,56.72367,48.235844,0.0,0.0,35.121098,80541994.0,263,376798,2727,2728,140,108,AFLOJE Z1 60% Z2 40% 45 min,,2025-11-19T11:19:54Z,25557.66,25557.66,2728,0,0.0,0.0,,True,,False,False,10.714,9.458,True,True,149.0,126.0,82.82784,374,,,,,,NONE,False,"{'id': 'b11987797', 'name': None, 'distance': None, 'primary': None}",,WAHOO_FITNESS WAHOO APP,,,,,409584560,0,fit,2701597,2025-11-19T12:05:33.318+00:00,2025-11-19T16:20:49.291+00:00,2025-11-19T16:20:49.291+00:00,17940,,,"[116, 142, 161, 180, 186]",,172,54,87.55,"[56, 76, 91, 106, 121, 999]",0,0,,45.23311,300,300,,False,False,False,,100.0,,CAYSAo4VGgE0IgEBKAE=,"['time', 'watts', 'cadence', 'heartrate', 'distance', 'altitude', 'velocity_smooth', 'torque', 'NormalisedPower']",False,True,['power'],power,"[{'id': 'Z1', 'secs': 1815}, {'id': 'Z2', 'secs': 913}, {'id': 'Z3', 'secs': 0}, {'id': 'Z4', 'secs': 0}, {'id': 'Z5', 'secs': 0}, {'id': 'Z6', 'secs': 0}]","[124, 2558, 47, 0, 0]",,,,,POWER_HR_PACE,0.0,,False,,1,0,0,,,,1.1350108,33.0,79.0,,,,2.873079,1,,,16504087268,,,95.454544,,WAHOO,,,300.0,300.0,300.0,21,24.0,,HRSS,,,,,,,,,,,,,,,,,,,,,9.368644,186,01716829,53.231937,1.1111112,1.0952381,,3.393295,138,1.0144928,35.121098
i107393587,2025-11-17T07:28:43,Ride,False,256.0,21038.0,592,261.0,1380.0,270.0,False,,23676.0,699.65845,277,0,206,71.76279,50.070164,1.1360608,8.376969,203.22473,,263,1816134,12020,12113,207,408,Topos-  Nanos,,2025-11-17T12:28:43Z,80088.02,80088.02,11990,2137,1233.0,1252.0,,,,False,False,17.474,6.683,True,,,,69.042145,1812,15.845005,11.0,23.0,52.14238,,NONE,False,"{'id': 'b11987797', 'name': None, 'distance': None, 'primary': None}",,WAHOO_FITNESS ELEMNT ACE,FAVERO_ELECTRONICS 12,3055820267,GOOD,,409194229,0,fit,2701597,2025-11-17T15:51:07.253+00:00,2025-11-18T15:25:22.973+00:00,2025-11-18T15:25:22.973+00:00,17940,,,"[116, 142, 161, 180, 186]",,172,67,87.0,"[56, 76, 91, 106, 121, 999]",0,0,,,300,300,,False,False,False,,,"['7x 41s 299w', '1x 60s 297w', '1x 2m47s 264w', '3x 96s 267w', '2x 5m22s 271w', '1x 3m56s 275w', '1x 3m21s 253w']",CAYSLrcFJiEqwAcntgokUTzQAqcBNl+TA+wBEdICrQYuvwUt6gVo7APJASJZqhUo0QcaHyB0GXAyfTxqJnBEZF9qZGhnaTxrInQWYSxgVmQ0bikiHwEFAQUBBgIFAQUCBAQFBAQEBAIFAQUBBAEEAwQBBQEoAQ==,"['time', 'watts', 'cadence', 'distance', 'altitude', 'latlng', 'velocity_smooth', 'temp', 'left_right_balance', 'left_pedal_smoothness', 'right_pedal_smoothness', 'left_torque_effectiveness', 'right_torque_effectiveness', 'torque', 'RearGear', 'NormalisedPower']",False,True,['power'],power,"[{'id': 'Z1', 'secs': 5578}, {'id': 'Z2', 'secs': 1908}, {'id': 'Z3', 'secs': 1348}, {'id': 'Z4', 'secs': 1944}, {'id': 'Z5', 'secs': 938}, {'id': 'Z6', 'secs': 274}]",,,,,,POWER_HR_PACE,1.36,,True,,1,67008,16745,,,,,,,,,,,1,,,16485620769,,,0.0,,WAHOO,,,2232.0146,2089.2,2594.0,206,,,,,,,,,,,,,,,,,,,,,,,,6.6795683,186,fe230f03,78.70722,,,,2.9023876,151,1.3708609,212.73776
i107237036,2025-11-16T08:03:24,Ride,False,271.0,23676.0,570,277.0,1500.0,287.0,False,,23323.344,699.65845,277,4,185,51.148647,46.313,4.4187517,28.47837,277.11276,,263,1380632,9357,9358,222,409,La unión- vereda el capiro,,2025-11-16T13:03:24Z,56938.44,56938.44,9342,2151,924.0,960.0,,,,False,False,14.526,6.09,True,,,,65.245255,1372,15.385727,11.0,22.0,53.209152,,NONE,False,"{'id': 'b11987797', 'name': None, 'distance': None, 'primary': None}",,WAHOO_FITNESS ELEMNT ACE,FAVERO_ELECTRONICS 12,3055820267,GOOD,,408996224,0,fit,2701597,2025-11-16T15:41:17.112+00:00,2025-11-17T17:25:19.627+00:00,2025-11-17T17:25:19.627+00:00,17940,,,"[116, 142, 161, 180, 186]",,172,55,87.0,"[56, 76, 91, 106, 121, 999]",0,0,,,300,300,,False,False,False,,,"['1x 22m19s 286w', '1x 66s 289w', '1x 53s 307w']",CAYSC+wTuwr2D0IKNecZGgc0bBptXnQ1IgcBBQEFBAUBKAE=,"['time', 'watts', 'cadence', 'distance', 'altitude', 'latlng', 'velocity_smooth', 'temp', 'left_right_balance', 'left_pedal_smoothness', 'right_pedal_smoothness', 'left_torque_effectiveness', 'right_torque_effectiveness', 'torque', 'RearGear', 'NormalisedPower']",False,True,['power'],power,"[{'id': 'Z1', 'secs': 5023}, {'id': 'Z2', 'secs': 1051}, {'id': 'Z3', 'secs': 480}, {'id': 'Z4', 'secs': 991}, {'id': 'Z5', 'secs': 1141}, {'id': 'Z6', 'secs': 656}]",,,,,,POWER_HR_PACE,1.9,"[{'id': 'ftp_up', 'type': 'FTP_UP', 'message': None, 'watts': 287, 'secs': 1500, 'value': None, 'distance': None, 'pace': None, 'point': {'start_index': 2418, 'end_index': 3918, 'secs': 1500, 'value': 287}}, {'id': 'ps0_1200', 'type': 'BEST_POWER', 'message': None, 'watts': 289, 'secs': 1200, 'value': None, 'distance': None, 'pace': None, 'point': {'start_index': 2718, 'end_index': 3918, 'secs': 1200, 'value': 289}}]",True,,1,121073,38149,,,,,,,,,,,1,,,16477097371,,,0.0,,WAHOO,,,2197.5337,2107.0,2526.6,185,,,,,,,,,,,,,,,,,,,,,,,,6.0948877,186,b32ff20c,84.410645,,,,2.802451,148,1.5,310.0099
i107034952,2025-11-15T06:52:53,VirtualRide,False,130.0,9892.0,140,132.0,1020.0,140.0,False,,23323.344,699.65845,273,0,9,30.593763,42.971306,0.0,0.0,14.342036,,263,154010,1104,1105,139,38,Indoor Cycling,,2025-11-15T11:52:53Z,10053.95,10053.95,1105,0,0.0,0.0,,True,,False,False,9.834,9.09,True,True,125.0,118.0,71.95294,154,,,,,,NONE,False,"{'id': 'b11987797', 'name': None, 'distance': None, 'primary': None}",,WAHOO_FITNESS WAHOO APP,,,,,408679957,0,fit,2701597,2025-11-15T12:11:33.608+00:00,2025-11-15T12:11:33.869+00:00,2025-11-15T12:11:33.869+00:00,17940,,,"[116, 142, 161, 180, 186]",,172,60,88.05,"[56, 76, 91, 106, 121, 999]",0,0,,13.130524,0,0,,False,False,False,,100.0,,CAYSAtIIGgE0IgEBKAE=,"['time', 'watts', 'cadence', 'heartrate', 'distance', 'altitude', 'velocity_smooth', 'torque', 'NormalisedPower']",False,True,['power'],power,"[{'id': 'Z1', 'secs': 1105}, {'id': 'Z2', 'secs': 0}, {'id': 'Z3', 'secs': 0}, {'id': 'Z4', 'secs': 0}, {'id': 'Z5', 'secs': 0}, {'id': 'Z6', 'secs': 0}]","[348, 758, 0, 0, 0]",,,,,POWER_HR_PACE,0.0,,,,1,0,0,,,,1.1659869,13.0,71.0,,,,1.9207723,1,,,16464228059,,,0.0,,WAHOO,,,300.0,300.0,300.0,9,6.0,,HRSS,,,,,,,,,,,,,,,,,,,,,9.098598,186,247119bd,52.85171,1.1779661,1.1864407,,3.793562,140,0.99285716,14.342036
i106878971,2025-11-14T06:13:48,VirtualRide,False,212.0,18017.0,422,216.0,2040.0,221.0,False,,23346.69,700.3588,273,0,61,33.90981,43.789852,0.5700695,2.7963917,64.53564,79852559.0,263,624275,2998,2999,225,155,12. Power Bookends,,2025-11-14T11:13:48Z,25611.84,25611.84,2995,0,0.0,0.0,,True,,False,False,11.055,8.536,True,True,170.0,151.0,78.31398,625,,,,,,NONE,False,"{'id': 'b11987797', 'name': None, 'distance': None, 'primary': None}",,WAHOO_FITNESS WAHOO APP,,,,,408473576,0,fit,2701597,2025-11-14T12:03:58.054+00:00,2025-11-14T12:09:57.199+00:00,2025-11-14T12:09:57.199+00:00,17940,,,"[116, 142, 161, 180, 186]",,172,66,87.15,"[56, 76, 91, 106, 121, 999]",0,0,,88.16653,300,300,,False,False,False,,100.0,"['2x 2m28s 267w', '2x 99s 263w']",CAYSDoEGkwFfY6QJlQFaYu0CGglHZT1kUGU8Y0QiCQIEAgQDBAIEAigB,"['time', 'watts', 'cadence', 'heartrate', 'distance', 'altitude', 'velocity_smooth', 'torque', 'NormalisedPower']",False,True,['power'],power,"[{'id': 'Z1', 'secs': 765}, {'id': 'Z2', 'secs': 683}, {'id': 'Z3', 'secs': 625}, {'id': 'Z4', 'secs': 582}, {'id': 'Z5', 'secs': 172}, {'id': 'Z6', 'secs': 168}]","[45, 625, 1705, 621, 0]",,,,,POWER_HR_PACE,1.13,,False,,1,25985,4943,,,,1.2150984,5.0,82.0,,,,2.1505868,1,,,16454611068,,,100.0,,WAHOO,,,300.0,300.0,300.0,61,54.0,,HRSS,,,,,,,,,,,,,,,,,,,,,8.551533,186,42054913,85.55133,1.4900662,1.3774835,,3.2758644,208,1.0817307,67.9021
i106529672,2025-11-12T06:21:06,VirtualRide,False,198.0,18613.0,276,203.0,1800.0,208.0,False,,23393.451,701.76166,274,0,46,34.31822,44.420303,0.0029423102,0.14921811,52.456978,78685400.0,263,529614,2699,2700,205,126,02. Get In the Zone,,2025-11-12T11:21:06Z,23450.55,23450.55,2700,0,0.0,0.0,,True,,False,False,9.718,8.682,True,True,166.0,146.0,75.74704,530,,,,,,NONE,False,"{'id': 'b11987797', 'name': None, 'distance': None, 'primary': None}",,WAHOO_FITNESS WAHOO APP,,,,,408044750,0,fit,2701597,2025-11-12T12:06:20.829+00:00,2025-11-13T22:56:58.616+00:00,2025-11-13T22:56:58.616+00:00,17940,,,"[116, 142, 161, 180, 186]",,172,55,87.65,"[56, 76, 91, 106, 121, 999]",0,0,,75.92743,300,300,,False,False,False,,100.0,['4x 85s 257w'],CAYSDs8GVakDVKoDVakDVPABGglHYUlhSWFJYTkiCQIEAgQCBAIEAigB,"['time', 'watts', 'cadence', 'heartrate', 'distance', 'altitude', 'velocity_smooth', 'torque', 'NormalisedPower']",False,True,['power'],power,"[{'id': 'Z1', 'secs': 347}, {'id': 'Z2', 'secs': 1379}, {'id': 'Z3', 'secs': 563}, {'id': 'Z4', 'secs': 411}, {'id': 'Z5', 'secs': 0}, {'id': 'Z6', 'secs': 0}]","[35, 770, 1738, 158, 0]",,,,,POWER_HR_PACE,0.0,,False,,1,1420,439,,,,1.3184048,7.0,76.0,,,,5.47978,1,,,16434506262,,,100.0,,WAHOO,,,300.0,300.0,300.0,46,43.0,,HRSS,,,,,,,,,,,,,,,,,,,,,8.6853895,186,0c4f848f,77.94677,1.4041096,1.3424658,,3.4398923,196,1.0459183,52.60914
i106357255,2025-11-11T06:20:39,VirtualRide,False,137.0,10421.0,170,139.0,2220.0,142.0,False,,23416.867,702.4641,274,0,22,32.524303,44.38224,0.0,0.0,34.887066,78685380.0,263,374277,2701,2702,141,108,AFLOJE Z1 60% Z2 40% 45 min,,2025-11-11T11:20:39Z,20157.75,20157.75,2702,0,0.0,0.0,,True,,False,False,7.939,7.458,True,True,128.0,114.0,74.57624,374,,,,,,NONE,False,"{'id': 'b11987797', 'name': None, 'distance': None, 'primary': None}",,WAHOO_FITNESS WAHOO APP,,,,,407808981,0,fit,2701597,2025-11-11T12:06:07.327+00:00,2025-11-11T12:06:07.555+00:00,2025-11-11T12:06:07.555+00:00,17940,,,"[116, 142, 161, 180, 186]",,172,53,87.0,"[56, 76, 91, 106, 121, 999]",0,0,,31.888393,300,300,,False,False,False,,100.0,,CAYSAo8VGgE0IgEBKAE=,"['time', 'watts', 'cadence', 'heartrate', 'distance', 'altitude', 'velocity_smooth', 'torque', 'NormalisedPower']",False,True,['power'],power,"[{'id': 'Z1', 'secs': 1792}, {'id': 'Z2', 'secs': 910}, {'id': 'Z3', 'secs': 0}, {'id': 'Z4', 'secs': 0}, {'id': 'Z5', 'secs': 0}, {'id': 'Z6', 'secs': 0}]","[1746, 957, 0, 0, 0]",,,,,POWER_HR_PACE,0.0,,,,1,0,0,,,,1.2509577,10.0,74.0,4.0,,,2.147189,1,,,16423574885,,,100.0,,WAHOO,,,300.0,300.0,300.0,22,19.0,,HRSS,,,,,,,,,,,,,,,,,,,,,7.460307,186,134fed56,53.612167,1.2368422,1.2192982,180.0,3.0010793,139,1.0143884,34.887066
i105408986,2025-11-05T06:14:23,VirtualRide,False,198.0,18613.0,277,203.0,1800.0,208.0,False,,23487.256,704.57574,275,0,46,69.739655,50.600685,0.0029605061,0.14900166,52.79643,78654098.0,263,533328,2727,2728,205,126,02. Get In the Zone,,2025-11-05T11:14:23Z,22742.7,22742.7,2728,0,0.0,0.0,,True,,False,False,9.539,8.42,True,True,155.0,137.0,71.20111,529,,,,,,NONE,False,"{'id': 'b11987797', 'name': None, 'distance': None, 'primary': None}",,WAHOO_FITNESS WAHOO APP,,,,,406427855,0,fit,2701597,2025-11-05T12:00:09.574+00:00,2025-11-05T12:00:09.884+00:00,2025-11-05T12:00:09.884+00:00,17940,,,"[116, 142, 161, 180, 186]",,172,57,87.6,"[56, 76, 91, 106, 121, 999]",0,0,,59.35903,300,300,,False,False,False,,100.0,['4x 85s 258w'],CAYSDtAGVKkDVaoDVakDVO8BGglHYUlhSWJJYjkiCQIEAgQCBAIEAigB,"['time', 'watts', 'cadence', 'heartrate', 'distance', 'altitude', 'velocity_smooth', 'torque', 'NormalisedPower']",False,True,['power'],power,"[{'id': 'Z1', 'secs': 379}, {'id': 'Z2', 'secs': 1375}, {'id': 'Z3', 'secs': 566}, {'id': 'Z4', 'secs': 408}, {'id': 'Z5', 'secs': 0}, {'id': 'Z6', 'secs': 0}]","[147, 1679, 903, 0, 0]",,,,,POWER_HR_PACE,0.0,,,,1,1418,444,,,,1.4326661,23.0,72.0,5.0,,,4.596298,1,,,16362257330,,,100.0,,WAHOO,,,300.0,300.0,300.0,46,30.0,,HRSS,,,,,,,,,,,,,,,,,,,,,8.336766,186,2a562b33,77.94677,1.4963504,1.4306569,227.0,3.5126276,196,1.0459183,52.94839
i105245868,2025-11-04T06:03:18,VirtualRide,False,137.0,10421.0,170,139.0,2220.0,142.0,False,,23487.256,704.57574,275,0,22,73.38524,50.71154,0.0,0.0,35.30053,78484169.0,263,374127,2698,2745,141,108,AFLOJE Z1 60% Z2 40% 45 min,,2025-11-04T11:03:18Z,24355.12,24355.12,2700,0,0.0,0.0,,True,,False,False,10.16,9.018,True,,,,76.64815,374,,,,,,NONE,False,"{'id': 'b11987797', 'name': None, 'distance': None, 'primary': None}",,WAHOO_FITNESS WAHOO APP,,,,,406184068,0,fit,2701597,2025-11-04T11:49:15.995+00:00,2025-11-04T16:25:06.397+00:00,2025-11-04T16:25:06.397+00:00,17940,,,"[116, 142, 161, 180, 186]",,172,53,87.9,"[56, 76, 91, 106, 121, 999]",0,0,,,300,300,,False,False,False,,,,CAYSAo0VGgE0IgEBKAE=,"['time', 'watts', 'cadence', 'distance', 'altitude', 'velocity_smooth', 'torque', 'NormalisedPower']",False,True,['power'],power,"[{'id': 'Z1', 'secs': 1787}, {'id': 'Z2', 'secs': 913}, {'id': 'Z3', 'secs': 0}, {'id': 'Z4', 'secs': 0}, {'id': 'Z5', 'secs': 0}, {'id': 'Z6', 'secs': 0}]",,,,,,POWER_HR_PACE,0.0,,True,,1,0,0,,,,,,,,,,,1,,,16350941924,,,100.0,,WAHOO,,,300.0,300.0,300.0,22,,,,,,,,,,,,,,,,,,,,,,,,9.020414,186,2ce09570,53.612167,,,,3.53058,139,1.0143884,35.30053
i105129420,2025-11-02T06:20:48,Ride,False,265.0,22541.0,493,271.0,1500.0,280.0,False,,23487.256,704.57574,275,0,366,93.75739,52.641926,3.0897298,31.195593,543.8579,,263,3099030,20718,25937,210,692,La Unión,,2025-11-02T11:20:48Z,121406.82,121406.82,20638,4536,2476.0,2458.0,,,,False,False,15.685,5.901,True,True,182.0,140.0,68.70346,3111,21.624763,14.0,33.0,51.9621,,NONE,False,"{'id': 'b11987797', 'name': None, 'distance': None, 'primary': None}",,WAHOO_FITNESS ELEMNT ACE,FAVERO_ELECTRONICS 12,3055820267,GOOD,,406002804,0,fit,2701597,2025-11-03T15:25:44.096+00:00,2025-11-03T15:36:33.517+00:00,2025-11-03T15:36:33.517+00:00,17940,,,"[116, 142, 161, 180, 186]",,172,79,87.0,"[56, 76, 91, 106, 121, 999]",0,0,,374.98352,300,300,,False,False,False,,100.0,"['7x 96s 273w', '2x 78s 289w', '11x 49s 296w', '4x 2m26s 267w', '1x 3m16s 282w', '1x 44m19s 100w', '1x 4m21s 265w', '1x 5m19s 222w', '1x 2m1s 250w']",CAYST5QVXpQBa6MEZ0BMhAEtMiZXXEaQARE4UJQBM3DEAUc2EzJPRZEBMTcjVgSRAZYBwAy/AYUCE2PYBTaSCb8CiSV5igIq/gVagwgu0QQrqhEaOSdeSmdVZFpxXHVXcVxvX2VGa19hbWRraGpYdGppa2B4anhuYmUmOGRUZk9xJVQxXyFrSl1GdiJqGSI5AQQCBAMEAwUEBQMFBAUEBAIFBAQFBAUEBQMFBQQFBAUFBQUEBAECBAMEAwUBAwEEAQUCBAIFAQUBKAE=,"['time', 'watts', 'cadence', 'heartrate', 'distance', 'altitude', 'latlng', 'velocity_smooth', 'temp', 'left_right_balance', 'left_pedal_smoothness', 'right_pedal_smoothness', 'left_torque_effectiveness', 'right_torque_effectiveness', 'torque', 'RearGear', 'NormalisedPower']",False,True,['power'],power,"[{'id': 'Z1', 'secs': 8999}, {'id': 'Z2', 'secs': 2590}, {'id': 'Z3', 'secs': 3875}, {'id': 'Z4', 'secs': 3164}, {'id': 'Z5', 'secs': 1498}, {'id': 'Z6', 'secs': 512}]","[4223, 5810, 5880, 4645, 70]",,,,,POWER_HR_PACE,1.21,[],True,,1,107249,35326,"{'start_index': 6315, 'end_index': 6372, 'start_time': 7301, 'end_time': 7361, 'start_bpm': 180, 'end_bpm': 148, 'average_watts': None, 'hrr': 32}",,,1.0481362,17.0,59.0,,,,21.223568,1,,,16342217294,,,0.0,,WAHOO,,,2085.016,1482.2,2524.6,366,294.0,,HRSS,,,,,,,,,,,,,,,,,,,,,5.8826833,186,89e7f804,79.84791,1.5,1.0714285,,2.568728,150,1.4,578.14325
i104783494,2025-11-01T06:06:02,Ride,False,251.0,20958.0,544,256.0,660.0,283.0,False,,23487.256,704.57574,275,0,119,51.950455,45.091488,2.1046987,13.954231,123.391075,78144855.0,263,907567,5003,5004,244,267,08. Build and Release,,2025-11-01T11:06:02Z,35531.48,35531.48,4997,893,693.0,665.0,,,,False,False,17.251,7.099,True,True,176.0,141.0,68.67024,905,14.078137,12.0,17.0,53.367466,,NONE,False,"{'id': 'b11987797', 'name': None, 'distance': None, 'primary': None}",,WAHOO_FITNESS ELEMNT ACE,FAVERO_ELECTRONICS 12,3055820267,GOOD,,405497506,0,fit,2701597,2025-11-01T13:34:37.680+00:00,2025-11-01T13:34:37.921+00:00,2025-11-01T13:34:37.921+00:00,17940,,,"[116, 142, 161, 180, 186]",,172,63,87.0,"[56, 76, 91, 106, 121, 999]",0,0,,114.21091,300,300,,False,False,False,,100.0,"['6x 31s 337w', '5x 57s 303w', '1x 92s 281w', '1x 98s 330w', '6x 43s 324w', '1x 2m52s 278w', '1x 2m16s 275w', '1x 1m50s 297w']",CAYSObgBGyxAWVwCHSM0AWK7ASP5ASoHLPEBOIgBIDYriQIfnwGsARuIASwsBy5tOwUgxAc0RyiIAm6NBBoyPXMwdT9qb3hdcXN9NXlfdGuGASJ6QYABMIABUJMBPGlCaHRvYntlb3aIASBvYH4QcCMiLQIFAQUCBQUFBAUFBgEGBAUFBgEGAgYBBgMGAgQCBAUFBAYEBQUGAQUEBgEFASgB,"['time', 'watts', 'cadence', 'heartrate', 'distance', 'altitude', 'latlng', 'velocity_smooth', 'temp', 'left_right_balance', 'left_pedal_smoothness', 'right_pedal_smoothness', 'left_torque_effectiveness', 'right_torque_effectiveness', 'torque', 'RearGear', 'NormalisedPower']",False,True,['power'],power,"[{'id': 'Z1', 'secs': 1925}, {'id': 'Z2', 'secs': 514}, {'id': 'Z3', 'secs': 482}, {'id': 'Z4', 'secs': 642}, {'id': 'Z5', 'secs': 838}, {'id': 'Z6', 'secs': 596}]","[705, 1723, 1944, 625, 0]",,,,,POWER_HR_PACE,1.79,,,,1,88376,20227,"{'start_index': 3003, 'end_index': 3063, 'start_time': 3003, 'end_time': 3063, 'start_bpm': 172, 'end_bpm': 128, 'average_watts': None, 'hrr': 44}",,,0.91342384,7.0,61.0,,,,29.72404,1,,,16321433576,,,224.5283,,WAHOO,,,1784.2527,1596.0,2032.6,119,70.0,,HRSS,,,,,,,,,,,,,,,,,,,,,7.1105623,186,cf1f34cf,92.775665,1.7304964,1.283688,,3.1063945,181,1.3480663,139.45001
i104783828,2025-11-01T05:59:13,VirtualRide,False,77.0,5886.0,301,78.0,180.0,104.0,False,,23487.256,704.57574,275,0,3,51.950455,45.091488,0.001880767,0.041623484,2.0737445,,263,21494,370,371,142,282,Indoor Cycling,,2025-11-01T10:59:13Z,1602.63,1602.63,358,189,,,,True,,False,False,7.462,4.308,True,True,122.0,89.0,44.48416,21,18.148249,17.0,20.0,61.684784,,NONE,False,"{'id': 'b11987797', 'name': None, 'distance': None, 'primary': None}",,WAHOO_FITNESS ELEMNT ACE,FAVERO_ELECTRONICS 12,3055820267,GOOD,,405497895,0,fit,2701597,2025-11-01T13:35:44.877+00:00,2025-11-01T13:35:45.004+00:00,2025-11-01T13:35:45.004+00:00,17940,,,"[116, 142, 161, 180, 186]",,172,63,87.0,"[56, 76, 91, 106, 121, 999]",0,0,,1.2112674,0,0,,False,False,False,,100.0,,CAYSAvQCGgEVIgEBKAE=,"['time', 'watts', 'cadence', 'heartrate', 'distance', 'velocity_smooth', 'temp', 'left_right_balance', 'left_pedal_smoothness', 'right_pedal_smoothness', 'left_torque_effectiveness', 'right_torque_effectiveness', 'torque', 'RearGear', 'NormalisedPower']",False,True,['power'],power,"[{'id': 'Z1', 'secs': 289}, {'id': 'Z2', 'secs': 24}, {'id': 'Z3', 'secs': 24}, {'id': 'Z4', 'secs': 9}, {'id': 'Z5', 'secs': 12}, {'id': 'Z6', 'secs': 0}]","[300, 59, 0, 0, 0]",,,,,POWER_HR_PACE,1.5,,,,1,399,399,,,,,,,,,,-467.0329,1,,,16321443969,,,0.0,,WAHOO,,,,,,3,1.0,,HRSS,,,,,,,,,,,,,,,,,,,,,4.47662,186,d6da2666,53.992397,1.5955056,0.6516854,,3.0190208,58,2.4482758,2.117249
i104609304,2025-10-31T06:17:26,VirtualRide,False,217.0,18505.0,264,222.0,1980.0,226.0,False,,23487.256,704.57574,275,0,52,41.1933,43.238358,8.0467174e-07,0.0005278647,56.530025,77844611.0,263,561811,2788,2789,216,123,MyWhoosh - 05. Endurance Ascent,,2025-10-31T11:17:26Z,24665.52,24665.52,2789,82,28.000002,27.2,,True,,False,False,11.202,8.841,True,True,164.0,145.0,78.63181,561,,,,,,NONE,False,"{'id': 'b11987797', 'name': None, 'distance': None, 'primary': None}",,MYWHOOSH 3570,,,,,MyNewActivity-5.4.0.fit,0,fit,2701597,2025-10-31T12:03:57.534+00:00,2025-10-31T12:11:06.427+00:00,2025-10-31T12:11:06.427+00:00,17940,,,"[116, 142, 161, 180, 186]",,172,59,86.5,"[56, 76, 91, 106, 121, 999]",0,0,,73.93042,300,300,,False,False,False,,100.0,['2x 14m59s 235w'],CAYSCqgDgQe1AYQHhAMaBTtZMlkvIgUCAwEDASgB,"['time', 'watts', 'cadence', 'heartrate', 'distance', 'altitude', 'latlng', 'velocity_smooth', 'torque', 'NormalisedPower']",False,True,['power'],power,"[{'id': 'Z1', 'secs': 486}, {'id': 'Z2', 'secs': 506}, {'id': 'Z3', 'secs': 1380}, {'id': 'Z4', 'secs': 418}, {'id': 'Z5', 'secs': 0}, {'id': 'Z6', 'secs': 0}]","[147, 758, 1816, 69, 0]",,,,,POWER_HR_PACE,0.0,,True,,7,5,5,,,,1.2302715,6.0,78.0,,,,6.549812,1,,,16311071464,,,101.960785,,OAUTH_CLIENT,60.0,MyWhoosh,0.6417204,-0.2,3.2,52,42.0,,HRSS,,,,,,,,,,,,,,,,,,,,,8.843858,186,52477dcb,82.12928,1.4896551,1.3931035,,3.3741527,202,1.069307,56.530552
i104446720,2025-10-30T06:04:30,VirtualRide,False,219.0,18656.0,345,224.0,1260.0,233.0,False,,23510.766,705.281,275,0,56,39.533768,43.027245,0.16128342,1.5795215,58.436485,77919371.0,263,573957,2728,2729,227,127,MyWhoosh - 07. Hustle and Flow,,2025-10-30T11:04:30Z,24461.79,24461.79,2729,7,31.0,32.2,,True,,False,False,11.604,8.96,True,True,172.0,147.0,81.237366,573,,,,,,NONE,False,"{'id': 'b11987797', 'name': None, 'distance': None, 'primary': None}",,MYWHOOSH 3570,,,,,MyNewActivity-5.4.0.fit,0,fit,2701597,2025-10-30T11:50:31.383+00:00,2025-10-30T11:50:31.568+00:00,2025-10-30T11:50:31.568+00:00,17940,,,"[116, 142, 161, 180, 186]",,172,54,87.0,"[56, 76, 91, 106, 121, 999]",0,0,,79.32741,300,300,,False,False,False,,100.0,"['4x 29s 340w', '3x 2m57s 211w', '3x 4m12s 245w', '1x 59s 290w']",CAYSHpgFHgSxAYoCmQEdBLEB9QEXO5kBHASyAfYBUhy0ARoYRYEBVFBdM4EBV1BdYG4zgQFUUF1qgAExIhQCBgMDBAEGAwMEBAUBBgMDBAUGASgB,"['time', 'watts', 'cadence', 'heartrate', 'distance', 'altitude', 'latlng', 'velocity_smooth', 'torque', 'NormalisedPower']",False,True,['power'],power,"[{'id': 'Z1', 'secs': 767}, {'id': 'Z2', 'secs': 154}, {'id': 'Z3', 'secs': 625}, {'id': 'Z4', 'secs': 879}, {'id': 'Z5', 'secs': 204}, {'id': 'Z6', 'secs': 101}]","[35, 863, 1641, 191, 0]",,,,,POWER_HR_PACE,0.84,,,,32,14694,5308,"{'start_index': 2560, 'end_index': 2620, 'start_time': 2560, 'end_time': 2620, 'start_bpm': 172, 'end_bpm': 146, 'average_watts': None, 'hrr': 26}",,,1.1246042,8.0,83.0,,,,-0.82695454,1,,,16301340872,,,100.0,,OAUTH_CLIENT,60.0,MyWhoosh,-0.6921612,-7.0,6.8,56,43.0,,HRSS,,,,,,,,,,,,,,,,,,,,,8.963646,186,83275fc1,86.31179,1.5442177,1.4285715,,3.3101685,210,1.0809524,60.177288
i104379435,2025-10-29T17:37:51,VirtualRide,False,,,100,,,,False,,23534.299,705.987,275,0,0,37.00513,42.714664,0.0,0.0,0.52803296,,263,5923,63,64,79,18,Indoor Cycling,,2025-10-29T22:37:51Z,407.79,407.79,64,0,0.0,0.0,,True,,False,False,6.667,6.226,True,,,,81.765625,6,,,,,,NONE,False,"{'id': 'b11987797', 'name': None, 'distance': None, 'primary': None}",,WAHOO_FITNESS WAHOO APP,,,,,404969083,0,fit,2701597,2025-10-29T22:39:07.656+00:00,2025-10-29T22:39:08.023+00:00,2025-10-29T22:39:08.023+00:00,17940,,,"[116, 142, 161, 180, 186]",,172,59,86.95,"[56, 76, 91, 106, 121, 999]",0,0,,,0,0,,False,False,False,,,,CAYSAUEaASIiAQEoAQ==,"['time', 'watts', 'cadence', 'distance', 'altitude', 'velocity_smooth', 'torque', 'NormalisedPower']",False,True,['power'],power,"[{'id': 'Z1', 'secs': 64}, {'id': 'Z2', 'secs': 0}, {'id': 'Z3', 'secs': 0}, {'id': 'Z4', 'secs': 0}, {'id': 'Z5', 'secs': 0}, {'id': 'Z6', 'secs': 0}]",,,,,,POWER_HR_PACE,0.0,,,,1,0,0,,,,,,,,,,,1,,,16297024555,,,0.0,,WAHOO,,,300.0,300.0,300.0,0,,,,,,,,,,,,,,,,,,,,,,,,6.371719,186,f80b925f,30.038023,,,,2.3377986,94,0.84042555,0.52803296
i104288072,2025-10-29T06:06:42,VirtualRide,False,210.0,17807.0,330,214.0,480.0,247.0,False,,23534.299,705.987,275,0,55,37.00513,42.714664,0.035367813,0.4571427,60.50429,77845253.0,263,607721,3060,3061,211,141,Sepp Kuss: Cadence Efforts,,2025-10-29T11:06:42Z,29324.89,29324.89,3061,0,0.0,0.0,,True,,False,False,11.374,9.576,True,True,160.0,140.0,81.73995,608,,,,,,NONE,False,"{'id': 'b11987797', 'name': None, 'distance': None, 'primary': None}",,WAHOO_FITNESS WAHOO APP,,,,,404838490,0,fit,2701597,2025-10-29T11:57:57.933+00:00,2025-10-29T11:57:58.110+00:00,2025-10-29T11:57:58.110+00:00,17940,,,"[116, 142, 161, 180, 186]",,172,59,86.95,"[56, 76, 91, 106, 121, 999]",0,0,,70.85916,300,300,,False,False,False,,100.0,"['4x 3m52s 223w', '1x 2m36s 262w', '1x 60s 301w', '1x 5m59s 209w']",CAYSGZsF7gGcARY8eNoBygHoAcAB7gGzAecCswEaDj5UY2RyN1RHVEZURU85Ig4CAwQEBQEDAgMCAwIDAigB,"['time', 'watts', 'cadence', 'heartrate', 'distance', 'altitude', 'velocity_smooth', 'torque', 'NormalisedPower']",False,True,['power'],power,"[{'id': 'Z1', 'secs': 840}, {'id': 'Z2', 'secs': 415}, {'id': 'Z3', 'secs': 1334}, {'id': 'Z4', 'secs': 380}, {'id': 'Z5', 'secs': 77}, {'id': 'Z6', 'secs': 15}]","[192, 1266, 1604, 0, 0]",,,,,POWER_HR_PACE,0.34,,,,1,4358,2820,,,,1.376394,16.0,81.0,5.0,,,10.481528,1,,,16291386121,,,101.85185,,WAHOO,,,300.0,300.0,300.0,55,40.0,,HRSS,,,,,,,,,,,,,,,,,,,,,9.580167,186,19b7ed59,80.228134,1.5071429,1.4214286,255.0,3.5160894,199,1.0603015,60.9968
i104133833,2025-10-28T06:12:19,VirtualRide,False,137.0,10421.0,255,139.0,2160.0,142.0,False,,23557.855,706.69366,276,0,22,34.24175,42.418648,0.0,0.0,37.458477,77662519.0,263,388686,2784,2866,141,109,AFLOJE Z1 60% Z2 40% 45 min,,2025-10-28T11:12:19Z,25167.06,25167.06,2787,0,,,,True,,False,False,9.942,9.03,True,True,133.0,118.0,74.81988,389,18.020826,18.0,19.0,,,NONE,False,"{'id': 'b11987797', 'name': None, 'distance': None, 'primary': None}",,WAHOO_FITNESS ELEMNT ACE,,,,,404615232,0,fit,2701597,2025-10-28T12:00:32.741+00:00,2025-10-28T22:24:48.154+00:00,2025-10-28T22:24:48.154+00:00,17940,,,"[116, 142, 161, 180, 186]",,172,54,87.0,"[56, 76, 91, 106, 121, 999]",0,0,,36.564564,300,300,,False,False,False,,100.0,,CAYSAuMVGgE0IgEBKAE=,"['time', 'watts', 'cadence', 'heartrate', 'distance', 'velocity_smooth', 'temp', 'torque', 'NormalisedPower']",False,True,['power'],power,"[{'id': 'Z1', 'secs': 1809}, {'id': 'Z2', 'secs': 973}, {'id': 'Z3', 'secs': 5}, {'id': 'Z4', 'secs': 0}, {'id': 'Z5', 'secs': 0}, {'id': 'Z6', 'secs': 0}]","[1194, 1593, 0, 0, 0]",,,,,POWER_HR_PACE,0.0,,False,,1,0,0,,,,1.176486,22.0,74.0,,,,5.332214,1,,,16280723450,,,100.0,,WAHOO,,,,,,22,19.0,,HRSS,,,,,,,,,,,,,,,,,,,,,9.030162,186,65f19419,53.612167,1.1949153,1.1864407,,3.6207604,140,1.0071429,37.458477
i103694025,2025-10-25T06:25:39,VirtualRide,False,214.0,18213.0,343,219.0,1860.0,224.0,False,,23628.672,708.818,276,0,55,48.067528,45.003437,0.31642067,2.49451,58.021057,77406373.0,263,568586,3082,3083,216,150,Indoor Cycling,,2025-10-25T11:25:39Z,24837.93,24837.93,2940,144,,,,True,,False,False,10.54,8.054,True,True,166.0,138.0,76.88826,585,16.251379,15.0,18.0,,,NONE,False,"{'id': 'b11987797', 'name': None, 'distance': None, 'primary': None}",,WAHOO_FITNESS ELEMNT ACE,,,,,403938649,0,fit,2701597,2025-10-25T12:17:20.145+00:00,2025-10-25T12:38:33.571+00:00,2025-10-25T12:38:33.571+00:00,17940,,,"[116, 142, 161, 180, 186]",,172,59,86.0,"[56, 76, 91, 106, 121, 999]",0,0,,64.40071,300,300,,False,False,False,,100.0,['3x 98s 262w'],CAYSC/MIYcgEZcIEYegDGgc1Y1BjUGM/IgcBBAMEAwQCKAE=,"['time', 'watts', 'cadence', 'heartrate', 'distance', 'velocity_smooth', 'temp', 'torque', 'NormalisedPower']",False,True,['power'],power,"[{'id': 'Z1', 'secs': 514}, {'id': 'Z2', 'secs': 1207}, {'id': 'Z3', 'secs': 518}, {'id': 'Z4', 'secs': 400}, {'id': 'Z5', 'secs': 58}, {'id': 'Z6', 'secs': 243}]","[330, 1081, 1550, 67, 0]",,,,,POWER_HR_PACE,1.28,,False,,1,22314,5467,,,,1.3948988,12.0,77.0,,,,0.9165446,1,,,16250847387,,,93.22034,,WAHOO,,,,,,55,40.0,,HRSS,,,,,,,,,,,,,,,,,,,,,8.448276,186,e7f42d47,82.12928,1.5652174,1.3333334,,3.2963192,184,1.173913,60.83199
i103530255,2025-10-24T06:08:34,VirtualRide,False,194.0,18936.0,290,199.0,1140.0,210.0,False,,23628.672,708.818,276,0,54,47.00294,44.76257,0.0061343843,0.15507105,61.652924,77133128.0,263,624381,3301,3302,201,154,The Kitchen Sink,,2025-10-24T11:08:34Z,24448.65,24448.65,3302,0,0.0,0.0,,True,,False,False,8.545,7.402,True,True,166.0,144.0,78.10358,624,,,,,,NONE,False,"{'id': 'b11987797', 'name': None, 'distance': None, 'primary': None}",,WAHOO_FITNESS WAHOO APP,,,,,403727113,0,fit,2701597,2025-10-24T12:03:56.422+00:00,2025-10-24T12:55:10.653+00:00,2025-10-24T12:55:10.653+00:00,17940,,,"[116, 142, 161, 180, 186]",,172,54,86.05,"[56, 76, 91, 106, 121, 999]",0,0,,88.9212,300,300,,False,False,False,,100.0,"['1x 74s 131w', '1x 53m49s 190w']",CAYSA0qdGRoCMUgiAgECKAE=,"['time', 'watts', 'cadence', 'heartrate', 'distance', 'altitude', 'velocity_smooth', 'torque', 'NormalisedPower']",False,True,['power'],power,"[{'id': 'Z1', 'secs': 967}, {'id': 'Z2', 'secs': 937}, {'id': 'Z3', 'secs': 1158}, {'id': 'Z4', 'secs': 190}, {'id': 'Z5', 'secs': 50}, {'id': 'Z6', 'secs': 0}]","[103, 1149, 1973, 78, 0]",,,,,POWER_HR_PACE,0.33,,False,,2,1482,974,,,,1.2530587,14.0,79.0,4.0,,,2.730625,1,,,16240957442,,,100.0,,WAHOO,,,300.0,300.0,300.0,54,49.0,,HRSS,,,,,,,,,,,,,,,,,,,,,7.4041944,186,b398da0a,76.42586,1.3958334,1.3125,220.0,2.8439908,189,1.0634921,61.81413
i103620345,2025-10-24T06:02:18,Ride,False,,,131,,,,False,,23628.672,708.818,276,0,0,47.00294,44.76257,0.0,0.0,0.1554778,,263,1690,84,85,40,218,Cycling,,2025-10-24T11:02:18Z,260.91,260.91,77,62,0.0,0.0,,,,False,False,4.33,3.034,True,,,,27.764706,2,18.0,18.0,18.0,,,NONE,False,"{'id': 'b11987797', 'name': None, 'distance': None, 'primary': None}",,WAHOO_FITNESS ELEMNT ACE,,,,,403834908,0,fit,2701597,2025-10-24T22:32:09.611+00:00,2025-10-24T22:32:10.084+00:00,2025-10-24T22:32:10.084+00:00,17940,,,"[116, 142, 161, 180, 186]",,172,54,86.05,"[56, 76, 91, 106, 121, 999]",0,0,,,0,0,,False,False,False,,,,CAYSAVYaAQciAQEoAQ==,"['time', 'watts', 'cadence', 'distance', 'altitude', 'latlng', 'velocity_smooth', 'temp', 'torque', 'NormalisedPower']",False,True,['power'],power,"[{'id': 'Z1', 'secs': 77}, {'id': 'Z2', 'secs': 0}, {'id': 'Z3', 'secs': 0}, {'id': 'Z4', 'secs': 0}, {'id': 'Z5', 'secs': 0}, {'id': 'Z6', 'secs': 0}]",,,,,,POWER_HR_PACE,0.0,,,,1,0,0,,,,,,,,,,,1,,,16245647758,,,0.0,,WAHOO,,,1639.4,1639.4,1639.4,0,,,,,,,,,,,,,,,,,,,,,,,,3.3884416,186,0914b52b,15.2091255,,,,3.6612396,20,2.0,0.1554778
i103192470,2025-10-22T06:17:59,Ride,False,218.0,18563.0,343,223.0,1260.0,232.0,False,,23628.672,708.818,276,0,55,52.981438,45.61319,0.1489248,1.5153288,57.755787,76407226.0,263,568369,2713,2714,226,137,07. Hustle and Flow,,2025-10-22T11:17:59Z,25589.34,25589.34,2699,0,0.0,0.0,,,,False,False,10.815,9.446,True,True,172.0,144.0,77.201706,568,17.212255,16.0,18.0,,,NONE,False,"{'id': 'b11987797', 'name': None, 'distance': None, 'primary': None}",,WAHOO_FITNESS ELEMNT ACE,,,,,403318220,0,fit,2701597,2025-10-22T12:03:26.247+00:00,2025-10-22T16:10:26.362+00:00,2025-10-22T16:10:26.362+00:00,17940,,,"[116, 142, 161, 180, 186]",,172,52,86.55,"[56, 76, 91, 106, 121, 999]",0,0,,73.85935,300,300,,False,False,False,,100.0,"['4x 29s 338w', '3x 2m57s 210w', '3x 4m12s 244w', '1x 60s 288w']",CAYSHpkFHgSxAYsCmQEdBLEB9QEWPJkBHQSxAfUBUx2dARoYRIABUk9cMoABVU9cX20ygAFST1xpgAE0IhQCBgMDBAEGAwMEBAUBBgMDBAQGASgB,"['time', 'watts', 'cadence', 'heartrate', 'distance', 'altitude', 'latlng', 'velocity_smooth', 'temp', 'torque', 'NormalisedPower']",False,True,['power'],power,"[{'id': 'Z1', 'secs': 748}, {'id': 'Z2', 'secs': 145}, {'id': 'Z3', 'secs': 1052}, {'id': 'Z4', 'secs': 448}, {'id': 'Z5', 'secs': 200}, {'id': 'Z6', 'secs': 106}]","[106, 946, 1530, 127, 0]",,,,,POWER_HR_PACE,0.83,,False,,1,14125,5195,"{'start_index': 2556, 'end_index': 2616, 'start_time': 2561, 'end_time': 2621, 'start_bpm': 172, 'end_bpm': 147, 'average_watts': None, 'hrr': 25}",,,1.302637,10.0,78.0,,,,1.203963,1,,,16221099904,,,98.21429,,WAHOO,,,1635.3093,1633.4,1638.0,55,40.0,,HRSS,,,,,,,,,,,,,,,,,,,,,9.481045,186,e0f55e69,85.93156,1.5694444,1.4513888,,3.6842625,209,1.0813397,59.42004
i103004192,2025-10-21T06:14:57,VirtualRide,False,138.0,10495.0,172,140.0,2220.0,143.0,False,,23628.672,708.818,276,0,22,52.671455,45.387012,0.0,0.0,35.318424,76985196.0,263,378581,2750,2751,141,110,MyWhoosh - AFLOJE Z1 60% Z2 40% 45 min,,2025-10-21T11:14:57Z,20888.34,20888.34,2751,29,19.6,17.2,,True,,False,False,8.906,7.59,True,True,139.0,123.0,79.34499,378,,,,,,NONE,False,"{'id': 'b11987797', 'name': None, 'distance': None, 'primary': None}",,GARMIN EDGE_1030_PLUS,,,,,MyNewActivity-5.3.1.fit,0,fit,2701597,2025-10-21T12:00:55.281+00:00,2025-10-22T19:33:08.303+00:00,2025-10-22T19:33:08.303+00:00,17940,,,"[116, 142, 161, 180, 186]",,172,53,87.2,"[56, 76, 91, 106, 121, 999]",0,0,,42.425964,300,300,,False,False,False,,100.0,"['1x 31s 72w', '1x 30s 91w', '2x 40s 95w', '1x 40s 84w', '1x 40s 119w', '2x 40s 151w', '7x 3m 138w', '7x 2m 149w', '1x 5m 135w']",CAYSIB8eKCgoKCgotAF4tAF4tAF4tAF4tAF4tAF4tAF4rAIzGhgbIiMkHy02PDQ4NDg0ODQ4NDg0ODQ4MyoiGAEBAQEBAQECAQIBAgECAQIBAgECAQIBASgB,"['time', 'watts', 'cadence', 'heartrate', 'distance', 'altitude', 'latlng', 'velocity_smooth', 'torque', 'NormalisedPower']",False,True,['power'],power,"[{'id': 'Z1', 'secs': 1837}, {'id': 'Z2', 'secs': 915}, {'id': 'Z3', 'secs': 0}, {'id': 'Z4', 'secs': 0}, {'id': 'Z5', 'secs': 0}, {'id': 'Z6', 'secs': 0}]","[156, 2585, 0, 0, 0]",,,,,POWER_HR_PACE,0.0,,False,,23,0,0,,,,1.1613133,33.0,79.0,,,,1.8535633,1,,,16210316289,,,100.0,,OAUTH_CLIENT,60.0,MyWhoosh,0.2965843,-3.4,4.2,22,22.0,,HRSS,,,,,,,,,,,,,,,,,,,,,7.592999,186,df2f4ace,53.612167,1.1463414,1.1219512,,2.8708801,138,1.0217391,35.318424
i102760879,2025-10-19T06:20:54,Ride,False,230.0,19836.0,665,235.0,270.0,295.0,False,,23628.672,708.818,276,0,217,66.19331,47.057716,0.9264286,3.5627842,224.23764,,263,2314236,19148,22353,168,575,Cycling,,2025-10-19T11:20:54Z,102217.12,102217.12,19114,3653,1710.0,1613.0,,,,False,False,17.641,5.351,True,True,178.0,124.0,56.51404,2308,18.614567,12.0,33.0,52.515594,,NONE,False,"{'id': 'b11987797', 'name': None, 'distance': None, 'primary': None}",,WAHOO_FITNESS ELEMNT ACE,FAVERO_ELECTRONICS 12,3055820267,GOOD,,402789437,0,fit,2701597,2025-10-19T19:47:13.848+00:00,2025-10-19T19:47:14.400+00:00,2025-10-19T19:47:14.400+00:00,17940,,,"[116, 142, 161, 180, 186]",,172,59,87.0,"[56, 76, 91, 106, 121, 999]",0,0,,278.77975,300,300,,False,False,False,,100.0,"['1x 1m47s 248w', '1x 2m22s 308w']",CAYSCMtiay6OAaswGgUyXnR1ISIFAQQFBQEoAQ==,"['time', 'watts', 'cadence', 'heartrate', 'distance', 'altitude', 'latlng', 'velocity_smooth', 'temp', 'left_right_balance', 'left_pedal_smoothness', 'right_pedal_smoothness', 'left_torque_effectiveness', 'right_torque_effectiveness', 'torque', 'RearGear', 'NormalisedPower']",False,True,['power'],power,"[{'id': 'Z1', 'secs': 10049}, {'id': 'Z2', 'secs': 6357}, {'id': 'Z3', 'secs': 1829}, {'id': 'Z4', 'secs': 383}, {'id': 'Z5', 'secs': 323}, {'id': 'Z6', 'secs': 173}]","[6759, 8586, 3403, 367, 0]",,,,,POWER_HR_PACE,1.28,,,,1,32833,9003,"{'start_index': 12932, 'end_index': 12992, 'start_time': 15820, 'end_time': 15880, 'start_bpm': 177, 'end_bpm': 136, 'average_watts': None, 'hrr': 41}",,,1.2467552,64.0,53.0,,,,16.737083,1,,,16195135267,,,0.0,,WAHOO,,,1984.4739,1471.4,2626.2,217,175.0,,HRSS,,,,,,,,,,,,,,,,,,,,,5.3477616,186,2f883cb7,63.878326,1.3548387,0.9758065,,2.838814,121,1.3884298,228.72685
i102385716,2025-10-17T06:18:00,VirtualRide,False,217.0,18505.0,264,222.0,1980.0,226.0,False,,23652.324,709.5275,277,0,52,49.643303,43.99812,3.2186867e-07,0.00021114585,56.849964,76407229.0,263,565262,2749,2750,217,124,MyWhoosh - 05. Endurance Ascent,,2025-10-17T11:18:00Z,22330.98,22330.98,2750,16,114.200005,34.8,,True,,False,False,12.267,8.117,True,True,172.0,152.0,77.702545,565,,,,,,NONE,False,"{'id': 'b8915759', 'name': None, 'distance': None, 'primary': None}",,GARMIN EDGE_1030_PLUS,,,,,MyNewActivity-5.3.1.fit,0,fit,2701597,2025-10-17T12:04:02.621+00:00,2025-10-22T19:32:40.262+00:00,2025-10-22T19:32:40.262+00:00,17940,,,"[116, 142, 161, 180, 186]",,172,63,86.35,"[56, 76, 91, 106, 121, 999]",0,0,,85.15259,300,300,,False,False,False,,100.0,['2x 14m57s 235w'],CAYSCskDgQe4AYEHvAIaBTlZMlk6IgUCAwEDAigB,"['time', 'watts', 'cadence', 'heartrate', 'distance', 'altitude', 'latlng', 'velocity_smooth', 'torque', 'NormalisedPower']",False,False,['power'],power,"[{'id': 'Z1', 'secs': 444}, {'id': 'Z2', 'secs': 506}, {'id': 'Z3', 'secs': 1382}, {'id': 'Z4', 'secs': 419}, {'id': 'Z5', 'secs': 0}, {'id': 'Z6', 'secs': 0}]","[53, 591, 1051, 1056, 0]",,,,,POWER_HR_PACE,0.0,,False,,1,2,2,,,,1.1633661,4.0,78.0,,,,7.657366,1,,,,,,101.960785,,OAUTH_CLIENT,60.0,MyWhoosh,13.182551,-0.2,80.4,52,49.0,,HRSS,,,,,,,,,,,,,,,,,,,,,8.120357,186,2485527f,82.50951,1.4276316,1.3552631,,3.13517,206,1.053398,56.850174
i102241283,2025-10-16T06:17:11,Ride,False,198.0,18613.0,277,203.0,1800.0,208.0,False,,23652.324,709.5275,277,0,45,49.2814,43.805313,0.0030365274,0.15225895,54.09234,76407196.0,263,529983,2712,2829,205,126,02. Get In the Zone,,2025-10-16T11:17:11Z,24661.98,24661.98,2693,10,0.0,0.0,,,,False,False,10.54,9.114,True,True,177.0,143.0,76.379326,530,18.248798,16.0,20.0,,,NONE,False,"{'id': 'b11987797', 'name': None, 'distance': None, 'primary': None}",,WAHOO_FITNESS ELEMNT ACE,,,,,401939859,0,fit,2701597,2025-10-16T12:04:39.056+00:00,2025-10-16T20:15:02.656+00:00,2025-10-16T20:15:02.656+00:00,17940,,,"[116, 142, 161, 180, 186]",,172,55,86.15,"[56, 76, 91, 106, 121, 999]",0,0,,70.08368,300,300,,False,False,False,,100.0,"['3x 86s 257w', '1x 2m55s 230w']",CAYSD8sGWqkDVaoDVK0CrwGWAhoJRmFJYkliRFc+IgkCBAIEAgQCAwIoAQ==,"['time', 'watts', 'cadence', 'heartrate', 'distance', 'altitude', 'latlng', 'velocity_smooth', 'temp', 'torque', 'NormalisedPower']",False,True,['power'],power,"[{'id': 'Z1', 'secs': 326}, {'id': 'Z2', 'secs': 1375}, {'id': 'Z3', 'secs': 575}, {'id': 'Z4', 'secs': 417}, {'id': 'Z5', 'secs': 0}, {'id': 'Z6', 'secs': 0}]","[85, 1152, 1282, 187, 0]",,,,,POWER_HR_PACE,0.0,,False,,1,1449,446,,,,1.3509508,12.0,77.0,,,,6.5719733,1,,,16158931051,,,97.82609,,WAHOO,,,1632.3947,1632.0,1633.0,45,40.0,,HRSS,,,,,,,,,,,,,,,,,,,,,9.157809,186,9ef07158,77.94677,1.4335665,1.3636364,,3.5969715,195,1.051282,54.247635
i102058338,2025-10-15T06:14:43,VirtualRide,False,139.0,10563.0,172,141.0,2280.0,143.0,False,,23652.324,709.5275,277,0,22,49.938873,43.776527,0.0,0.0,35.281536,75548982.0,263,378092,2711,2712,142,110,MyWhoosh - AFLOJE Z1 60% Z2 40% 45 min,,2025-10-15T11:14:43Z,20959.63,20959.63,2712,3,25.6,31.4,,True,,False,False,10.553,7.726,True,True,136.0,120.0,79.95428,378,,,,,,NONE,False,"{'id': 'b11987797', 'name': None, 'distance': None, 'primary': None}",,GARMIN EDGE_1030_PLUS,,,,,MyNewActivity-5.3.1.fit,0,fit,2701597,2025-10-15T12:00:03.818+00:00,2025-10-15T12:00:03.950+00:00,2025-10-15T12:00:03.950+00:00,17940,,,"[116, 142, 161, 180, 186]",,172,52,87.65,"[56, 76, 91, 106, 121, 999]",0,0,,38.89269,300,300,,False,False,False,,100.0,,CAYSApkVGgE0IgEBKAE=,"['time', 'watts', 'cadence', 'heartrate', 'distance', 'altitude', 'latlng', 'velocity_smooth', 'torque', 'NormalisedPower']",False,True,['power'],power,"[{'id': 'Z1', 'secs': 1796}, {'id': 'Z2', 'secs': 917}, {'id': 'Z3', 'secs': 0}, {'id': 'Z4', 'secs': 0}, {'id': 'Z5', 'secs': 0}, {'id': 'Z6', 'secs': 0}]","[591, 2122, 0, 0, 0]",,,,,POWER_HR_PACE,0.0,,,,23,0,0,,,,1.2099935,26.0,77.0,,,,0.9144152,1,,,16148048317,,,100.0,,OAUTH_CLIENT,60.0,MyWhoosh,-0.53925544,-7.2,6.6,22,20.0,,HRSS,,,,,,,,,,,,,,,,,,,,,7.7284775,186,536f8789,53.992397,1.1833333,1.1583333,,2.8998363,139,1.0215827,35.281536
i101752674,2025-10-13T07:30:40,Ride,False,263.0,21924.0,539,269.0,1620.0,276.0,False,,23652.324,709.5275,277,0,167,62.55703,45.368687,2.153001,13.455384,193.54419,,263,1372784,8781,8852,218,388,Cycling,,2025-10-13T12:30:40Z,55360.55,55360.55,8751,1847,862.0,865.0,,,,False,False,14.51,6.314,True,True,181.0,130.0,67.979065,1366,10.598221,9.0,14.0,51.43726,,NONE,False,"{'id': 'b11987797', 'name': None, 'distance': None, 'primary': None}",,WAHOO_FITNESS ELEMNT ACE,FAVERO_ELECTRONICS 12,3055820267,GOOD,,401304940,0,fit,2701597,2025-10-13T15:59:19.423+00:00,2025-10-13T19:51:46.580+00:00,2025-10-13T19:51:46.580+00:00,17940,,,"[116, 142, 161, 180, 186]",,172,53,87.0,"[56, 76, 91, 106, 121, 999]",0,0,,164.23969,300,300,,False,False,False,,100.0,"['5x 33s 325w', '1x 54s 342w', '1x 4m17s 271w', '2x 3m6s 282w', '1x 2m14s 128w', '1x 90s 244w', '2x 97s 273w']",CAYSJJ8GJJALNtUFHU2BAhC4ARq7ARGGAcMLWh4YYBebASaaEyH9AhobIn87ggFkd2VnYWh3bmQwIlx7WGdbZ4EBLnUpIhkBBgIGBAUEBAQEBQUEAQEEBgMEBAQGAQUBKAE=,"['time', 'watts', 'cadence', 'heartrate', 'distance', 'altitude', 'latlng', 'velocity_smooth', 'temp', 'left_right_balance', 'left_pedal_smoothness', 'right_pedal_smoothness', 'left_torque_effectiveness', 'right_torque_effectiveness', 'torque', 'RearGear', 'NormalisedPower']",False,True,['power'],power,"[{'id': 'Z1', 'secs': 4065}, {'id': 'Z2', 'secs': 1061}, {'id': 'Z3', 'secs': 819}, {'id': 'Z4', 'secs': 1566}, {'id': 'Z5', 'secs': 815}, {'id': 'Z6', 'secs': 425}]","[2684, 3378, 2045, 642, 3]",,,,,POWER_HR_PACE,1.48,,True,,1,76729,26315,"{'start_index': 3878, 'end_index': 3938, 'start_time': 3891, 'end_time': 3951, 'start_bpm': 181, 'end_bpm': 136, 'average_watts': None, 'hrr': 45}",,,1.3224488,32.0,78.0,4.0,2.0,,15.964095,1,,,16128211849,,,0.0,,WAHOO,,,2206.367,2113.4,2522.4,167,96.0,,HRSS,,,,,,,,,,,,,,,,,,,0.0,,6.326197,186,93f55bbc,82.88973,1.676923,1.2,583.0,2.7918289,156,1.3974359,209.15257
i101450009,2025-10-11T07:32:20,Ride,False,271.0,23676.0,634,277.0,1560.0,286.0,False,,21070.0,710.23773,277,14,151,53.66182,43.460503,4.1663074,25.414728,248.49118,,263,1131415,7152,7153,231,354,Cycling,,2025-10-11T12:32:20Z,46060.07,46060.07,7032,1654,659.0,677.0,,,,False,False,14.518,6.444,True,True,186.0,140.0,68.90387,1127,13.256895,11.0,16.0,50.682865,,NONE,False,"{'id': 'b11987797', 'name': None, 'distance': None, 'primary': None}",,WAHOO_FITNESS ELEMNT ACE,FAVERO_ELECTRONICS 12,3055820267,,,400792767,0,fit,2701597,2025-10-11T14:34:09.751+00:00,2025-10-11T14:34:10.039+00:00,2025-10-11T14:34:10.039+00:00,17940,,,"[116, 142, 161, 180, 186]",,172,54,87.0,"[56, 76, 91, 106, 121, 999]",0,0,,170.72417,2520,3073,,False,False,False,,100.0,"['1x 55s 327w', '1x 12m48s 281w', '1x 84s 289w', '1x 4m45s 287w', '1x 1m52s 287w']",CAYSD4IUNwSABhVUIZ0CNHDkGBoLMXxnamVtXm1ubS8iCwEGBAUEBQQFBQUBKAE=,"['time', 'watts', 'cadence', 'heartrate', 'distance', 'altitude', 'latlng', 'velocity_smooth', 'temp', 'left_right_balance', 'left_pedal_smoothness', 'right_pedal_smoothness', 'left_torque_effectiveness', 'right_torque_effectiveness', 'torque', 'RearGear', 'NormalisedPower']",False,True,['power'],power,"[{'id': 'Z1', 'secs': 3164}, {'id': 'Z2', 'secs': 1004}, {'id': 'Z3', 'secs': 533}, {'id': 'Z4', 'secs': 913}, {'id': 'Z5', 'secs': 962}, {'id': 'Z6', 'secs': 456}]","[815, 3128, 1559, 1240, 290]",,,,,POWER_HR_PACE,1.76,"[{'id': 'ftp_up', 'type': 'FTP_UP', 'message': None, 'watts': 286, 'secs': 1560, 'value': None, 'distance': None, 'pace': None, 'point': {'start_index': 2540, 'end_index': 4100, 'secs': 1560, 'value': 286}}, {'id': 'ps0_60', 'type': 'BEST_POWER', 'message': None, 'watts': 458, 'secs': 60, 'value': None, 'distance': None, 'pace': None, 'point': {'start_index': 6235, 'end_index': 6295, 'secs': 60, 'value': 458}}, {'id': 'ps0_1200', 'type': 'BEST_POWER', 'message': None, 'watts': 288, 'secs': 1200, 'value': None, 'distance': None, 'pace': None, 'point': {'start_index': 2897, 'end_index': 4097, 'secs': 1200, 'value': 288}}]",,,1,92676,37890,"{'start_index': 4107, 'end_index': 4167, 'start_time': 4107, 'end_time': 4167, 'start_bpm': 186, 'end_bpm': 161, 'average_watts': None, 'hrr': 25}",,,1.7297298,1.0,78.0,6.0,2.0,,4.3851447,1,,,16106719647,,,0.0,,WAHOO,,,2210.7842,2117.6,2527.2,151,102.0,,HRSS,,,,,,,,,,,,,,,,,,,0.0,,6.550067,186,e4648ea6,87.8327,1.65,1.1285714,703.0,2.8518283,158,1.4620253,278.0722
